run_id,function_name,dimension,target_type,feature,window,window_size,If,Sf,run_number
run-2026-06-14-02-51-54,S01.json,20,classification_improved,alpha,all,1,0.0029481953886419,0.0029481953886419,1
run-2026-06-14-02-51-54,S01.json,20,classification_improved,alpha,last_50,1,0.0029481953886419,0.0029481953886419,1
run-2026-06-14-02-51-54,S01.json,20,classification_improved,alpha,last_100,1,0.0029481953886419,0.0029481953886419,1
run-2026-06-14-02-51-54,S01.json,20,classification_improved,delta_position_norm,all,1,0.0025276931018635472,-0.0025276931018635472,1
run-2026-06-14-02-51-54,S01.json,20,classification_improved,delta_position_norm,last_50,1,0.0025276931018635472,-0.0025276931018635472,1
run-2026-06-14-02-51-54,S01.json,20,classification_improved,delta_position_norm,last_100,1,0.0025276931018635472,-0.0025276931018635472,1
run-2026-06-14-02-51-54,S01.json,20,classification_improved,distance_to_elite,all,1,0.04914348082267865,-0.04914348082267865,1
run-2026-06-14-02-51-54,S01.json,20,classification_improved,distance_to_elite,last_50,1,0.04914348082267865,-0.04914348082267865,1
run-2026-06-14-02-51-54,S01.json,20,classification_improved,distance_to_elite,last_100,1,0.04914348082267865,-0.04914348082267865,1
run-2026-06-14-02-51-54,S01.json,20,classification_improved,mag_browniano_max,all,1,0.01841388701912457,-0.01841388701912457,1
run-2026-06-14-02-51-54,S01.json,20,classification_improved,mag_browniano_max,last_50,1,0.01841388701912457,-0.01841388701912457,1
run-2026-06-14-02-51-54,S01.json,20,classification_improved,mag_browniano_max,last_100,1,0.01841388701912457,-0.01841388701912457,1
run-2026-06-14-02-51-54,S01.json,20,classification_improved,mag_browniano_mean,all,1,0.041062714450907485,-0.041062714450907485,1
run-2026-06-14-02-51-54,S01.json,20,classification_improved,mag_browniano_mean,last_50,1,0.041062714450907485,-0.041062714450907485,1
run-2026-06-14-02-51-54,S01.json,20,classification_improved,mag_browniano_mean,last_100,1,0.041062714450907485,-0.041062714450907485,1
run-2026-06-14-02-51-54,S01.json,20,classification_improved,mag_browniano_std,all,1,0.02412639774452057,-0.02412639774452057,1
run-2026-06-14-02-51-54,S01.json,20,classification_improved,mag_browniano_std,last_50,1,0.02412639774452057,-0.02412639774452057,1
run-2026-06-14-02-51-54,S01.json,20,classification_improved,mag_browniano_std,last_100,1,0.02412639774452057,-0.02412639774452057,1
run-2026-06-14-02-51-54,S01.json,20,classification_improved,mag_levy_max,all,1,0.001452405999451572,0.001452405999451572,1
run-2026-06-14-02-51-54,S01.json,20,classification_improved,mag_levy_max,last_50,1,0.001452405999451572,0.001452405999451572,1
run-2026-06-14-02-51-54,S01.json,20,classification_improved,mag_levy_max,last_100,1,0.001452405999451572,0.001452405999451572,1
run-2026-06-14-02-51-54,S01.json,20,classification_improved,mag_levy_mean,all,1,0.021484795305805035,0.021484795305805035,1
run-2026-06-14-02-51-54,S01.json,20,classification_improved,mag_levy_mean,last_50,1,0.021484795305805035,0.021484795305805035,1
run-2026-06-14-02-51-54,S01.json,20,classification_improved,mag_levy_mean,last_100,1,0.021484795305805035,0.021484795305805035,1
run-2026-06-14-02-51-54,S01.json,20,classification_improved,mag_levy_std,all,1,0.005295829933618125,0.005295829933618125,1
run-2026-06-14-02-51-54,S01.json,20,classification_improved,mag_levy_std,last_50,1,0.005295829933618125,0.005295829933618125,1
run-2026-06-14-02-51-54,S01.json,20,classification_improved,mag_levy_std,last_100,1,0.005295829933618125,0.005295829933618125,1
run-2026-06-14-02-51-54,S01.json,20,classification_improved,mag_predacion_max,all,1,0.03416200813658943,0.03416200813658943,1
run-2026-06-14-02-51-54,S01.json,20,classification_improved,mag_predacion_max,last_50,1,0.03416200813658943,0.03416200813658943,1
run-2026-06-14-02-51-54,S01.json,20,classification_improved,mag_predacion_max,last_100,1,0.03416200813658943,0.03416200813658943,1
run-2026-06-14-02-51-54,S01.json,20,classification_improved,mag_predacion_mean,all,1,0.017886136459499977,-0.017886136459499977,1
run-2026-06-14-02-51-54,S01.json,20,classification_improved,mag_predacion_mean,last_50,1,0.017886136459499977,-0.017886136459499977,1
run-2026-06-14-02-51-54,S01.json,20,classification_improved,mag_predacion_mean,last_100,1,0.017886136459499977,-0.017886136459499977,1
run-2026-06-14-02-51-54,S01.json,20,classification_improved,mag_predacion_std,all,1,0.014173696619524624,0.014173696619524624,1
run-2026-06-14-02-51-54,S01.json,20,classification_improved,mag_predacion_std,last_50,1,0.014173696619524624,0.014173696619524624,1
run-2026-06-14-02-51-54,S01.json,20,classification_improved,mag_predacion_std,last_100,1,0.014173696619524624,0.014173696619524624,1
run-2026-06-14-02-51-54,S01.json,20,classification_improved,r1,all,1,0.024196295508819746,-0.024196295508819746,1
run-2026-06-14-02-51-54,S01.json,20,classification_improved,r1,last_50,1,0.024196295508819746,-0.024196295508819746,1
run-2026-06-14-02-51-54,S01.json,20,classification_improved,r1,last_100,1,0.024196295508819746,-0.024196295508819746,1
run-2026-06-14-02-51-54,S01.json,20,classification_improved,r2,all,1,0.06765963265836766,-0.06765963265836766,1
run-2026-06-14-02-51-54,S01.json,20,classification_improved,r2,last_50,1,0.06765963265836766,-0.06765963265836766,1
run-2026-06-14-02-51-54,S01.json,20,classification_improved,r2,last_100,1,0.06765963265836766,-0.06765963265836766,1
run-2026-06-14-02-51-54,S01.json,20,classification_improved,theta_active,all,1,0.008543739517280808,0.008543739517280808,1
run-2026-06-14-02-51-54,S01.json,20,classification_improved,theta_active,last_50,1,0.008543739517280808,0.008543739517280808,1
run-2026-06-14-02-51-54,S01.json,20,classification_improved,theta_active,last_100,1,0.008543739517280808,0.008543739517280808,1
run-2026-06-14-02-51-54,S01.json,20,classification_improved,theta_mean,all,1,0.0025230917765885186,0.0025230917765885186,1
run-2026-06-14-02-51-54,S01.json,20,classification_improved,theta_mean,last_50,1,0.0025230917765885186,0.0025230917765885186,1
run-2026-06-14-02-51-54,S01.json,20,classification_improved,theta_mean,last_100,1,0.0025230917765885186,0.0025230917765885186,1
run-2026-06-14-02-51-54,S01.json,20,regression_y_reg,alpha,all,1,1192.0495241038598,-1192.0495241038598,1
run-2026-06-14-02-51-54,S01.json,20,regression_y_reg,alpha,last_50,1,1192.0495241038598,-1192.0495241038598,1
run-2026-06-14-02-51-54,S01.json,20,regression_y_reg,alpha,last_100,1,1192.0495241038598,-1192.0495241038598,1
run-2026-06-14-02-51-54,S01.json,20,regression_y_reg,delta_position_norm,all,1,2368.676779953434,-2368.676779953434,1
run-2026-06-14-02-51-54,S01.json,20,regression_y_reg,delta_position_norm,last_50,1,2368.676779953434,-2368.676779953434,1
run-2026-06-14-02-51-54,S01.json,20,regression_y_reg,delta_position_norm,last_100,1,2368.676779953434,-2368.676779953434,1
run-2026-06-14-02-51-54,S01.json,20,regression_y_reg,distance_to_elite,all,1,9209.542973603788,9209.542973603788,1
run-2026-06-14-02-51-54,S01.json,20,regression_y_reg,distance_to_elite,last_50,1,9209.542973603788,9209.542973603788,1
run-2026-06-14-02-51-54,S01.json,20,regression_y_reg,distance_to_elite,last_100,1,9209.542973603788,9209.542973603788,1
run-2026-06-14-02-51-54,S01.json,20,regression_y_reg,mag_browniano_max,all,1,162.07954650303384,-162.07954650303384,1
run-2026-06-14-02-51-54,S01.json,20,regression_y_reg,mag_browniano_max,last_50,1,162.07954650303384,-162.07954650303384,1
run-2026-06-14-02-51-54,S01.json,20,regression_y_reg,mag_browniano_max,last_100,1,162.07954650303384,-162.07954650303384,1
run-2026-06-14-02-51-54,S01.json,20,regression_y_reg,mag_browniano_mean,all,1,1494.9530905566276,1494.9530905566276,1
run-2026-06-14-02-51-54,S01.json,20,regression_y_reg,mag_browniano_mean,last_50,1,1494.9530905566276,1494.9530905566276,1
run-2026-06-14-02-51-54,S01.json,20,regression_y_reg,mag_browniano_mean,last_100,1,1494.9530905566276,1494.9530905566276,1
run-2026-06-14-02-51-54,S01.json,20,regression_y_reg,mag_browniano_std,all,1,522.489413986081,-522.489413986081,1
run-2026-06-14-02-51-54,S01.json,20,regression_y_reg,mag_browniano_std,last_50,1,522.489413986081,-522.489413986081,1
run-2026-06-14-02-51-54,S01.json,20,regression_y_reg,mag_browniano_std,last_100,1,522.489413986081,-522.489413986081,1
run-2026-06-14-02-51-54,S01.json,20,regression_y_reg,mag_levy_max,all,1,49.4713586212558,-49.4713586212558,1
run-2026-06-14-02-51-54,S01.json,20,regression_y_reg,mag_levy_max,last_50,1,49.4713586212558,-49.4713586212558,1
run-2026-06-14-02-51-54,S01.json,20,regression_y_reg,mag_levy_max,last_100,1,49.4713586212558,-49.4713586212558,1
run-2026-06-14-02-51-54,S01.json,20,regression_y_reg,mag_levy_mean,all,1,1692.587627390255,-1692.587627390255,1
run-2026-06-14-02-51-54,S01.json,20,regression_y_reg,mag_levy_mean,last_50,1,1692.587627390255,-1692.587627390255,1
run-2026-06-14-02-51-54,S01.json,20,regression_y_reg,mag_levy_mean,last_100,1,1692.587627390255,-1692.587627390255,1
run-2026-06-14-02-51-54,S01.json,20,regression_y_reg,mag_levy_std,all,1,60.18388955731751,-60.18388955731751,1
run-2026-06-14-02-51-54,S01.json,20,regression_y_reg,mag_levy_std,last_50,1,60.18388955731751,-60.18388955731751,1
run-2026-06-14-02-51-54,S01.json,20,regression_y_reg,mag_levy_std,last_100,1,60.18388955731751,-60.18388955731751,1
run-2026-06-14-02-51-54,S01.json,20,regression_y_reg,mag_predacion_max,all,1,972.4691718216086,-972.4691718216086,1
run-2026-06-14-02-51-54,S01.json,20,regression_y_reg,mag_predacion_max,last_50,1,972.4691718216086,-972.4691718216086,1
run-2026-06-14-02-51-54,S01.json,20,regression_y_reg,mag_predacion_max,last_100,1,972.4691718216086,-972.4691718216086,1
run-2026-06-14-02-51-54,S01.json,20,regression_y_reg,mag_predacion_mean,all,1,240.51985558264008,240.51985558264008,1
run-2026-06-14-02-51-54,S01.json,20,regression_y_reg,mag_predacion_mean,last_50,1,240.51985558264008,240.51985558264008,1
run-2026-06-14-02-51-54,S01.json,20,regression_y_reg,mag_predacion_mean,last_100,1,240.51985558264008,240.51985558264008,1
run-2026-06-14-02-51-54,S01.json,20,regression_y_reg,mag_predacion_std,all,1,3697.7475594918624,3697.7475594918624,1
run-2026-06-14-02-51-54,S01.json,20,regression_y_reg,mag_predacion_std,last_50,1,3697.7475594918624,3697.7475594918624,1
run-2026-06-14-02-51-54,S01.json,20,regression_y_reg,mag_predacion_std,last_100,1,3697.7475594918624,3697.7475594918624,1
run-2026-06-14-02-51-54,S01.json,20,regression_y_reg,r1,all,1,4463.661697516529,4463.661697516529,1
run-2026-06-14-02-51-54,S01.json,20,regression_y_reg,r1,last_50,1,4463.661697516529,4463.661697516529,1
run-2026-06-14-02-51-54,S01.json,20,regression_y_reg,r1,last_100,1,4463.661697516529,4463.661697516529,1
run-2026-06-14-02-51-54,S01.json,20,regression_y_reg,r2,all,1,7080.892004870485,7080.892004870485,1
run-2026-06-14-02-51-54,S01.json,20,regression_y_reg,r2,last_50,1,7080.892004870485,7080.892004870485,1
run-2026-06-14-02-51-54,S01.json,20,regression_y_reg,r2,last_100,1,7080.892004870485,7080.892004870485,1
run-2026-06-14-02-51-54,S01.json,20,regression_y_reg,theta_active,all,1,162.20933609204778,-162.20933609204778,1
run-2026-06-14-02-51-54,S01.json,20,regression_y_reg,theta_active,last_50,1,162.20933609204778,-162.20933609204778,1
run-2026-06-14-02-51-54,S01.json,20,regression_y_reg,theta_active,last_100,1,162.20933609204778,-162.20933609204778,1
run-2026-06-14-02-51-54,S01.json,20,regression_y_reg,theta_mean,all,1,400.3352440464334,-400.3352440464334,1
run-2026-06-14-02-51-54,S01.json,20,regression_y_reg,theta_mean,last_50,1,400.3352440464334,-400.3352440464334,1
run-2026-06-14-02-51-54,S01.json,20,regression_y_reg,theta_mean,last_100,1,400.3352440464334,-400.3352440464334,1
run-2026-06-14-02-51-54,S01.json,20,classification_improved,alpha,all,2,0.013249672091852651,-0.006533695729096709,2
run-2026-06-14-02-51-54,S01.json,20,classification_improved,alpha,last_50,2,0.013249672091852651,-0.006533695729096709,2
run-2026-06-14-02-51-54,S01.json,20,classification_improved,alpha,last_100,2,0.013249672091852651,-0.006533695729096709,2
run-2026-06-14-02-51-54,S01.json,20,classification_improved,delta_position_norm,all,2,0.010016805710656515,-0.0059195739073921085,2
run-2026-06-14-02-51-54,S01.json,20,classification_improved,delta_position_norm,last_50,2,0.010016805710656515,-0.0059195739073921085,2
run-2026-06-14-02-51-54,S01.json,20,classification_improved,delta_position_norm,last_100,2,0.010016805710656515,-0.0059195739073921085,2
run-2026-06-14-02-51-54,S01.json,20,classification_improved,distance_to_elite,all,2,0.012883893577861717,-0.01002533197480442,2
run-2026-06-14-02-51-54,S01.json,20,classification_improved,distance_to_elite,last_50,2,0.012883893577861717,-0.01002533197480442,2
run-2026-06-14-02-51-54,S01.json,20,classification_improved,distance_to_elite,last_100,2,0.012883893577861717,-0.01002533197480442,2
run-2026-06-14-02-51-54,S01.json,20,classification_improved,mag_browniano_max,all,2,0.03278960866306837,0.005366284163105778,2
run-2026-06-14-02-51-54,S01.json,20,classification_improved,mag_browniano_max,last_50,2,0.03278960866306837,0.005366284163105778,2
run-2026-06-14-02-51-54,S01.json,20,classification_improved,mag_browniano_max,last_100,2,0.03278960866306837,0.005366284163105778,2
run-2026-06-14-02-51-54,S01.json,20,classification_improved,mag_browniano_mean,all,2,0.020557649735405744,-0.006868582467720122,2
run-2026-06-14-02-51-54,S01.json,20,classification_improved,mag_browniano_mean,last_50,2,0.020557649735405744,-0.006868582467720122,2
run-2026-06-14-02-51-54,S01.json,20,classification_improved,mag_browniano_mean,last_100,2,0.020557649735405744,-0.006868582467720122,2
run-2026-06-14-02-51-54,S01.json,20,classification_improved,mag_browniano_std,all,2,0.026356487483232154,-0.012672804177265622,2
run-2026-06-14-02-51-54,S01.json,20,classification_improved,mag_browniano_std,last_50,2,0.026356487483232154,-0.012672804177265622,2
run-2026-06-14-02-51-54,S01.json,20,classification_improved,mag_browniano_std,last_100,2,0.026356487483232154,-0.012672804177265622,2
run-2026-06-14-02-51-54,S01.json,20,classification_improved,mag_levy_max,all,2,0.03959419306917711,0.008712117345948418,2
run-2026-06-14-02-51-54,S01.json,20,classification_improved,mag_levy_max,last_50,2,0.03959419306917711,0.008712117345948418,2
run-2026-06-14-02-51-54,S01.json,20,classification_improved,mag_levy_max,last_100,2,0.03959419306917711,0.008712117345948418,2
run-2026-06-14-02-51-54,S01.json,20,classification_improved,mag_levy_mean,all,2,0.047697155771056474,0.010460657291954598,2
run-2026-06-14-02-51-54,S01.json,20,classification_improved,mag_levy_mean,last_50,2,0.047697155771056474,0.010460657291954598,2
run-2026-06-14-02-51-54,S01.json,20,classification_improved,mag_levy_mean,last_100,2,0.047697155771056474,0.010460657291954598,2
run-2026-06-14-02-51-54,S01.json,20,classification_improved,mag_levy_std,all,2,0.02842965231840036,-0.003242281729279357,2
run-2026-06-14-02-51-54,S01.json,20,classification_improved,mag_levy_std,last_50,2,0.02842965231840036,-0.003242281729279357,2
run-2026-06-14-02-51-54,S01.json,20,classification_improved,mag_levy_std,last_100,2,0.02842965231840036,-0.003242281729279357,2
run-2026-06-14-02-51-54,S01.json,20,classification_improved,mag_predacion_max,all,2,0.014876122272638686,0.014876122272638686,2
run-2026-06-14-02-51-54,S01.json,20,classification_improved,mag_predacion_max,last_50,2,0.014876122272638686,0.014876122272638686,2
run-2026-06-14-02-51-54,S01.json,20,classification_improved,mag_predacion_max,last_100,2,0.014876122272638686,0.014876122272638686,2
run-2026-06-14-02-51-54,S01.json,20,classification_improved,mag_predacion_mean,all,2,0.0053585347158628125,-0.0053585347158628125,2
run-2026-06-14-02-51-54,S01.json,20,classification_improved,mag_predacion_mean,last_50,2,0.0053585347158628125,-0.0053585347158628125,2
run-2026-06-14-02-51-54,S01.json,20,classification_improved,mag_predacion_mean,last_100,2,0.0053585347158628125,-0.0053585347158628125,2
run-2026-06-14-02-51-54,S01.json,20,classification_improved,mag_predacion_std,all,2,0.03427249749222765,-0.002201316178441569,2
run-2026-06-14-02-51-54,S01.json,20,classification_improved,mag_predacion_std,last_50,2,0.03427249749222765,-0.002201316178441569,2
run-2026-06-14-02-51-54,S01.json,20,classification_improved,mag_predacion_std,last_100,2,0.03427249749222765,-0.002201316178441569,2
run-2026-06-14-02-51-54,S01.json,20,classification_improved,r1,all,2,0.05123990217152702,-0.0020259536675476843,2
run-2026-06-14-02-51-54,S01.json,20,classification_improved,r1,last_50,2,0.05123990217152702,-0.0020259536675476843,2
run-2026-06-14-02-51-54,S01.json,20,classification_improved,r1,last_100,2,0.05123990217152702,-0.0020259536675476843,2
run-2026-06-14-02-51-54,S01.json,20,classification_improved,r2,all,2,0.010512011363752497,0.010512011363752497,2
run-2026-06-14-02-51-54,S01.json,20,classification_improved,r2,last_50,2,0.010512011363752497,0.010512011363752497,2
run-2026-06-14-02-51-54,S01.json,20,classification_improved,r2,last_100,2,0.010512011363752497,0.010512011363752497,2
run-2026-06-14-02-51-54,S01.json,20,classification_improved,theta_active,all,2,0.0026588167698378927,0.0005159390145361609,2
run-2026-06-14-02-51-54,S01.json,20,classification_improved,theta_active,last_50,2,0.0026588167698378927,0.0005159390145361609,2
run-2026-06-14-02-51-54,S01.json,20,classification_improved,theta_active,last_100,2,0.0026588167698378927,0.0005159390145361609,2
run-2026-06-14-02-51-54,S01.json,20,classification_improved,theta_mean,all,2,0.005301784698972964,0.005301784698972964,2
run-2026-06-14-02-51-54,S01.json,20,classification_improved,theta_mean,last_50,2,0.005301784698972964,0.005301784698972964,2
run-2026-06-14-02-51-54,S01.json,20,classification_improved,theta_mean,last_100,2,0.005301784698972964,0.005301784698972964,2
run-2026-06-14-02-51-54,S01.json,20,regression_y_reg,alpha,all,2,2681.3956981755696,340.9714386848759,2
run-2026-06-14-02-51-54,S01.json,20,regression_y_reg,alpha,last_50,2,2681.3956981755696,340.9714386848759,2
run-2026-06-14-02-51-54,S01.json,20,regression_y_reg,alpha,last_100,2,2681.3956981755696,340.9714386848759,2
run-2026-06-14-02-51-54,S01.json,20,regression_y_reg,delta_position_norm,all,2,1995.6168845876823,1995.6168845876823,2
run-2026-06-14-02-51-54,S01.json,20,regression_y_reg,delta_position_norm,last_50,2,1995.6168845876823,1995.6168845876823,2
run-2026-06-14-02-51-54,S01.json,20,regression_y_reg,delta_position_norm,last_100,2,1995.6168845876823,1995.6168845876823,2
run-2026-06-14-02-51-54,S01.json,20,regression_y_reg,distance_to_elite,all,2,2765.692890636432,-2765.692890636432,2
run-2026-06-14-02-51-54,S01.json,20,regression_y_reg,distance_to_elite,last_50,2,2765.692890636432,-2765.692890636432,2
run-2026-06-14-02-51-54,S01.json,20,regression_y_reg,distance_to_elite,last_100,2,2765.692890636432,-2765.692890636432,2
run-2026-06-14-02-51-54,S01.json,20,regression_y_reg,mag_browniano_max,all,2,2754.4205491701014,-1159.3534229028573,2
run-2026-06-14-02-51-54,S01.json,20,regression_y_reg,mag_browniano_max,last_50,2,2754.4205491701014,-1159.3534229028573,2
run-2026-06-14-02-51-54,S01.json,20,regression_y_reg,mag_browniano_max,last_100,2,2754.4205491701014,-1159.3534229028573,2
run-2026-06-14-02-51-54,S01.json,20,regression_y_reg,mag_browniano_mean,all,2,2075.068121899752,2075.068121899752,2
run-2026-06-14-02-51-54,S01.json,20,regression_y_reg,mag_browniano_mean,last_50,2,2075.068121899752,2075.068121899752,2
run-2026-06-14-02-51-54,S01.json,20,regression_y_reg,mag_browniano_mean,last_100,2,2075.068121899752,2075.068121899752,2
run-2026-06-14-02-51-54,S01.json,20,regression_y_reg,mag_browniano_std,all,2,544.0925809901927,543.2498428223745,2
run-2026-06-14-02-51-54,S01.json,20,regression_y_reg,mag_browniano_std,last_50,2,544.0925809901927,543.2498428223745,2
run-2026-06-14-02-51-54,S01.json,20,regression_y_reg,mag_browniano_std,last_100,2,544.0925809901927,543.2498428223745,2
run-2026-06-14-02-51-54,S01.json,20,regression_y_reg,mag_levy_max,all,2,644.3198922140167,644.3198922140167,2
run-2026-06-14-02-51-54,S01.json,20,regression_y_reg,mag_levy_max,last_50,2,644.3198922140167,644.3198922140167,2
run-2026-06-14-02-51-54,S01.json,20,regression_y_reg,mag_levy_max,last_100,2,644.3198922140167,644.3198922140167,2
run-2026-06-14-02-51-54,S01.json,20,regression_y_reg,mag_levy_mean,all,2,8274.222374843157,-2870.4459404063878,2
run-2026-06-14-02-51-54,S01.json,20,regression_y_reg,mag_levy_mean,last_50,2,8274.222374843157,-2870.4459404063878,2
run-2026-06-14-02-51-54,S01.json,20,regression_y_reg,mag_levy_mean,last_100,2,8274.222374843157,-2870.4459404063878,2
run-2026-06-14-02-51-54,S01.json,20,regression_y_reg,mag_levy_std,all,2,155.79113006644147,-155.79113006644147,2
run-2026-06-14-02-51-54,S01.json,20,regression_y_reg,mag_levy_std,last_50,2,155.79113006644147,-155.79113006644147,2
run-2026-06-14-02-51-54,S01.json,20,regression_y_reg,mag_levy_std,last_100,2,155.79113006644147,-155.79113006644147,2
run-2026-06-14-02-51-54,S01.json,20,regression_y_reg,mag_predacion_max,all,2,593.0977431120817,-578.6155311453014,2
run-2026-06-14-02-51-54,S01.json,20,regression_y_reg,mag_predacion_max,last_50,2,593.0977431120817,-578.6155311453014,2
run-2026-06-14-02-51-54,S01.json,20,regression_y_reg,mag_predacion_max,last_100,2,593.0977431120817,-578.6155311453014,2
run-2026-06-14-02-51-54,S01.json,20,regression_y_reg,mag_predacion_mean,all,2,2314.2491207321773,-864.8862634334386,2
run-2026-06-14-02-51-54,S01.json,20,regression_y_reg,mag_predacion_mean,last_50,2,2314.2491207321773,-864.8862634334386,2
run-2026-06-14-02-51-54,S01.json,20,regression_y_reg,mag_predacion_mean,last_100,2,2314.2491207321773,-864.8862634334386,2
run-2026-06-14-02-51-54,S01.json,20,regression_y_reg,mag_predacion_std,all,2,3283.498687770964,-156.85049303504093,2
run-2026-06-14-02-51-54,S01.json,20,regression_y_reg,mag_predacion_std,last_50,2,3283.498687770964,-156.85049303504093,2
run-2026-06-14-02-51-54,S01.json,20,regression_y_reg,mag_predacion_std,last_100,2,3283.498687770964,-156.85049303504093,2
run-2026-06-14-02-51-54,S01.json,20,regression_y_reg,r1,all,2,4652.928232587198,1790.5377807999878,2
run-2026-06-14-02-51-54,S01.json,20,regression_y_reg,r1,last_50,2,4652.928232587198,1790.5377807999878,2
run-2026-06-14-02-51-54,S01.json,20,regression_y_reg,r1,last_100,2,4652.928232587198,1790.5377807999878,2
run-2026-06-14-02-51-54,S01.json,20,regression_y_reg,r2,all,2,1804.9796454933999,-1804.9796454933999,2
run-2026-06-14-02-51-54,S01.json,20,regression_y_reg,r2,last_50,2,1804.9796454933999,-1804.9796454933999,2
run-2026-06-14-02-51-54,S01.json,20,regression_y_reg,r2,last_100,2,1804.9796454933999,-1804.9796454933999,2
run-2026-06-14-02-51-54,S01.json,20,regression_y_reg,theta_active,all,2,167.33711194689118,56.70852339330117,2
run-2026-06-14-02-51-54,S01.json,20,regression_y_reg,theta_active,last_50,2,167.33711194689118,56.70852339330117,2
run-2026-06-14-02-51-54,S01.json,20,regression_y_reg,theta_active,last_100,2,167.33711194689118,56.70852339330117,2
run-2026-06-14-02-51-54,S01.json,20,regression_y_reg,theta_mean,all,2,1690.8403532158654,-1656.6087813650465,2
run-2026-06-14-02-51-54,S01.json,20,regression_y_reg,theta_mean,last_50,2,1690.8403532158654,-1656.6087813650465,2
run-2026-06-14-02-51-54,S01.json,20,regression_y_reg,theta_mean,last_100,2,1690.8403532158654,-1656.6087813650465,2
