function,dimension,run_id,seed,best_fitness,global_optimum,error_to_optimum,rescues_applied,diagnostics_invoked,diagnostics_invocation_count,positive_diagnosis_count,runtime_sec,diagnostics_invocation_iterations
F12022,10,1,1,3391.810689817716,300.0,3091.810689817716,0,0,0,0,0.34847378730773926,
F12022,10,2,2,3114.214293913731,300.0,2814.214293913731,0,0,0,0,0.3486151695251465,
F12022,10,3,3,3943.896307716313,300.0,3643.896307716313,0,0,0,0,0.3579709529876709,
F12022,10,4,4,2320.293237352416,300.0,2020.2932373524159,0,0,0,0,0.3483152389526367,
F12022,10,5,5,2618.1491204454537,300.0,2318.1491204454537,0,0,0,0,0.34723806381225586,
F12022,10,6,6,491.8094610771923,300.0,191.80946107719228,0,0,0,0,0.3465590476989746,
F12022,10,7,7,2616.383438001838,300.0,2316.383438001838,0,0,0,0,0.35723876953125,
F12022,10,8,8,493.195080445201,300.0,193.19508044520097,0,0,0,0,0.34596920013427734,
F12022,10,9,9,491.6821683258571,300.0,191.6821683258571,0,0,0,0,0.34845733642578125,
F12022,10,10,10,2617.4433932542115,300.0,2317.4433932542115,0,0,0,0,0.3459131717681885,
F12022,10,11,11,496.2923663452247,300.0,196.2923663452247,0,0,0,0,0.3463318347930908,
F12022,10,12,12,492.7296368213767,300.0,192.7296368213767,0,0,0,0,0.34883975982666016,
F12022,10,13,13,498.91374807722104,300.0,198.91374807722104,0,0,0,0,0.34814882278442383,
F12022,10,14,14,494.9253202581259,300.0,194.9253202581259,0,0,0,0,0.359529972076416,
F12022,10,15,15,3964.9823460864823,300.0,3664.9823460864823,0,0,0,0,0.3601231575012207,
F12022,10,16,16,495.3609083671191,300.0,195.36090836711912,0,0,0,0,0.3478090763092041,
F12022,10,17,17,444.7965245134566,300.0,144.79652451345657,0,0,0,0,0.3491990566253662,
F12022,10,18,18,441.8006510800453,300.0,141.80065108004533,0,0,0,0,0.3464231491088867,
F12022,10,19,19,4306.606425080741,300.0,4006.6064250807412,0,0,0,0,0.35124683380126953,
F12022,10,20,20,453.92556038982616,300.0,153.92556038982616,0,0,0,0,0.34601879119873047,
F12022,10,21,21,1988.6669473249813,300.0,1688.6669473249813,0,0,0,0,0.34861087799072266,
F12022,10,22,22,501.69926939243794,300.0,201.69926939243794,0,0,0,0,0.3484649658203125,
F12022,10,23,23,501.3795306402128,300.0,201.3795306402128,0,0,0,0,0.3477499485015869,
F12022,10,24,24,493.34404260156145,300.0,193.34404260156145,0,0,0,0,0.34793806076049805,
F12022,10,25,25,493.8453878656451,300.0,193.84538786564508,0,0,0,0,0.34731507301330566,
F12022,10,26,26,493.8486539828616,300.0,193.8486539828616,0,0,0,0,0.35148096084594727,
F12022,10,27,27,484.7719648655674,300.0,184.77196486556738,0,0,0,0,0.34899210929870605,
F12022,10,28,28,440.79295510423776,300.0,140.79295510423776,0,0,0,0,0.34610581398010254,
F12022,10,29,29,2026.343721011974,300.0,1726.343721011974,0,0,0,0,0.3523368835449219,
F12022,10,30,30,3830.8708084848163,300.0,3530.8708084848163,0,0,0,0,0.3601040840148926,
F22022,10,1,1,446.5589492998328,400.0,46.55894929983282,0,0,0,0,0.40447115898132324,
F22022,10,2,2,441.5328987032656,400.0,41.53289870326557,0,0,0,0,0.4081399440765381,
F22022,10,3,3,506.1892021142186,400.0,106.18920211421857,0,0,0,0,0.4091007709503174,
F22022,10,4,4,499.6498786960898,400.0,99.64987869608979,0,0,0,0,0.41254401206970215,
F22022,10,5,5,437.83862692753195,400.0,37.83862692753195,0,0,0,0,0.40500402450561523,
F22022,10,6,6,474.458189569925,400.0,74.45818956992503,0,0,0,0,0.4045119285583496,
F22022,10,7,7,440.3274347324601,400.0,40.32743473246012,0,0,0,0,0.40964365005493164,
F22022,10,8,8,488.2975522854812,400.0,88.29755228548117,0,0,0,0,0.4074859619140625,
F22022,10,9,9,437.3348814316669,400.0,37.33488143166687,0,0,0,0,0.40570998191833496,
F22022,10,10,10,403.5102486200449,400.0,3.5102486200448766,0,0,0,0,0.41422200202941895,
F22022,10,11,11,507.3105520824463,400.0,107.31055208244629,0,0,0,0,0.40497422218322754,
F22022,10,12,12,482.6163692160091,400.0,82.6163692160091,0,0,0,0,0.40402889251708984,
F22022,10,13,13,477.88492172092253,400.0,77.88492172092253,0,0,0,0,0.421781063079834,
F22022,10,14,14,474.3589977115166,400.0,74.35899771151662,0,0,0,0,0.410595178604126,
F22022,10,15,15,496.8679138178726,400.0,96.86791381787259,0,0,0,0,0.4054288864135742,
F22022,10,16,16,822.2747200820327,400.0,422.2747200820327,0,0,0,0,0.4171028137207031,
F22022,10,17,17,505.05548693429995,400.0,105.05548693429995,0,0,0,0,0.41047215461730957,
F22022,10,18,18,435.10127564926773,400.0,35.101275649267734,0,0,0,0,0.40498805046081543,
F22022,10,19,19,447.5573916188101,400.0,47.55739161881007,0,0,0,0,0.4045071601867676,
F22022,10,20,20,629.2575419835489,400.0,229.2575419835489,0,0,0,0,0.4044511318206787,
F22022,10,21,21,482.45931785370163,400.0,82.45931785370163,0,0,0,0,0.40480494499206543,
F22022,10,22,22,507.54064686993956,400.0,107.54064686993956,0,0,0,0,0.4058668613433838,
F22022,10,23,23,445.0544039484284,400.0,45.05440394842839,0,0,0,0,0.4095611572265625,
F22022,10,24,24,472.5665402301135,400.0,72.5665402301135,0,0,0,0,0.40456414222717285,
F22022,10,25,25,619.9374266651728,400.0,219.93742666517278,0,0,0,0,0.407747745513916,
F22022,10,26,26,449.0911036318274,400.0,49.09110363182742,0,0,0,0,0.40981411933898926,
F22022,10,27,27,486.7918723579604,400.0,86.79187235796041,0,0,0,0,0.4059889316558838,
F22022,10,28,28,440.7284706834261,400.0,40.72847068342611,0,0,0,0,0.40358400344848633,
F22022,10,29,29,476.3141492768766,400.0,76.3141492768766,0,0,0,0,0.4035189151763916,
F22022,10,30,30,507.17213348988656,400.0,107.17213348988656,0,0,0,0,0.40418410301208496,
F32022,10,1,1,600.015551540289,600.0,0.015551540289038712,0,0,0,0,0.5254340171813965,
F32022,10,2,2,600.035427209045,600.0,0.035427209044996744,0,0,0,0,0.5253679752349854,
F32022,10,3,3,600.1670768967501,600.0,0.1670768967501317,0,0,0,0,0.5297081470489502,
F32022,10,4,4,600.0098592495924,600.0,0.00985924959240947,0,0,0,0,0.5332479476928711,
F32022,10,5,5,600.0448934052071,600.0,0.04489340520706264,0,0,0,0,0.5300898551940918,
F32022,10,6,6,600.038560149392,600.0,0.03856014939196939,0,0,0,0,0.5278348922729492,
F32022,10,7,7,600.0675786351826,600.0,0.0675786351825991,0,0,0,0,0.5291759967803955,
F32022,10,8,8,600.0452556239803,600.0,0.045255623980324344,0,0,0,0,0.5280120372772217,
F32022,10,9,9,600.1322475121422,600.0,0.13224751214215757,0,0,0,0,0.539146900177002,
F32022,10,10,10,600.0387029781979,600.0,0.03870297819787538,0,0,0,0,0.5305190086364746,
F32022,10,11,11,600.0980975055355,600.0,0.09809750553552021,0,0,0,0,0.5290591716766357,
F32022,10,12,12,600.0451025700613,600.0,0.04510257006131724,0,0,0,0,0.5260570049285889,
F32022,10,13,13,600.0333356730017,600.0,0.033335673001715804,0,0,0,0,0.5255038738250732,
F32022,10,14,14,600.0390797984778,600.0,0.03907979847781462,0,0,0,0,0.5266468524932861,
F32022,10,15,15,600.0385115926667,600.0,0.03851159266673676,0,0,0,0,0.5250799655914307,
F32022,10,16,16,600.0187845565229,600.0,0.01878455652285993,0,0,0,0,0.5409891605377197,
F32022,10,17,17,600.0557261677011,600.0,0.05572616770109562,0,0,0,0,0.5619897842407227,
F32022,10,18,18,600.0655401869749,600.0,0.06554018697488573,0,0,0,0,0.5280866622924805,
F32022,10,19,19,600.2242418359203,600.0,0.22424183592033842,0,0,0,0,0.5275049209594727,
F32022,10,20,20,600.0472383544062,600.0,0.04723835440620405,0,0,0,0,0.5266208648681641,
F32022,10,21,21,600.1727859740735,600.0,0.17278597407346297,0,0,0,0,0.5242059230804443,
F32022,10,22,22,600.0386407059904,600.0,0.0386407059903604,0,0,0,0,0.5260779857635498,
F32022,10,23,23,600.0278159175926,600.0,0.027815917592647565,0,0,0,0,0.5246961116790771,
F32022,10,24,24,600.0385459544578,600.0,0.038545954457845255,0,0,0,0,0.52439284324646,
F32022,10,25,25,600.1565775185688,600.0,0.15657751856883806,0,0,0,0,0.5244970321655273,
F32022,10,26,26,600.0683845799156,600.0,0.06838457991557334,0,0,0,0,0.5252599716186523,
F32022,10,27,27,600.0391031121812,600.0,0.03910311218123752,0,0,0,0,0.5253219604492188,
F32022,10,28,28,600.0451240558571,600.0,0.04512405585705892,0,0,0,0,0.5244410037994385,
F32022,10,29,29,600.0345840703365,600.0,0.03458407033645017,0,0,0,0,0.5243282318115234,
F32022,10,30,30,600.014628295101,600.0,0.014628295101033473,0,0,0,0,0.5244231224060059,
F42022,10,1,1,850.5066510117531,800.0,50.50665101175309,0,0,0,0,0.7056190967559814,
F42022,10,2,2,844.000000246741,800.0,44.000000246741024,0,0,0,0,0.7056148052215576,
F42022,10,3,3,834.3161266485986,800.0,34.31612664859858,0,0,0,0,0.7041110992431641,
F42022,10,4,4,848.3395696714379,800.0,48.33956967143786,0,0,0,0,0.7026209831237793,
F42022,10,5,5,838.0000000000413,800.0,38.00000000004127,0,0,0,0,0.706779956817627,
F42022,10,6,6,848.0,800.0,48.0,0,0,0,0,0.7018527984619141,
F42022,10,7,7,832.0000002685042,800.0,32.00000026850421,0,0,0,0,0.7021996974945068,
F42022,10,8,8,828.2447861478927,800.0,28.244786147892682,0,0,0,0,0.7028288841247559,
F42022,10,9,9,850.2212075283267,800.0,50.22120752832666,0,0,0,0,0.7065598964691162,
F42022,10,10,10,844.0000000839493,800.0,44.00000008394932,0,0,0,0,0.7064666748046875,
F42022,10,11,11,846.018272413813,800.0,46.01827241381295,0,0,0,0,0.7146129608154297,
F42022,10,12,12,844.0000040862946,800.0,44.00000408629455,0,0,0,0,0.7053329944610596,
F42022,10,13,13,826.000227790413,800.0,26.000227790412964,0,0,0,0,0.7041831016540527,
F42022,10,14,14,838.0000222053578,800.0,38.00002220535782,0,0,0,0,0.7333259582519531,
F42022,10,15,15,832.000016182632,800.0,32.00001618263195,0,0,0,0,0.7105047702789307,
F42022,10,16,16,838.0000000000043,800.0,38.00000000000432,0,0,0,0,0.7085709571838379,
F42022,10,17,17,838.0000000119369,800.0,38.00000001193689,0,0,0,0,0.7077500820159912,
F42022,10,18,18,856.000068115299,800.0,56.00006811529897,0,0,0,0,0.7022757530212402,
F42022,10,19,19,850.000000041494,800.0,50.00000004149399,0,0,0,0,0.7042810916900635,
F42022,10,20,20,837.0374106171759,800.0,37.03741061717585,0,0,0,0,0.7046236991882324,
F42022,10,21,21,858.0000000000032,800.0,58.00000000000318,0,0,0,0,0.7026910781860352,
F42022,10,22,22,830.0,800.0,30.0,0,0,0,0,0.7033967971801758,
F42022,10,23,23,838.0000000037855,800.0,38.000000003785544,0,0,0,0,0.6999309062957764,
F42022,10,24,24,836.0927747890302,800.0,36.09277478903016,0,0,0,0,0.701664924621582,
F42022,10,25,25,848.0907702208807,800.0,48.0907702208807,0,0,0,0,0.7033810615539551,
F42022,10,26,26,832.3650581095858,800.0,32.36505810958579,0,0,0,0,0.7035820484161377,
F42022,10,27,27,828.0000000001867,800.0,28.000000000186674,0,0,0,0,0.7020108699798584,
F42022,10,28,28,854.0475802634311,800.0,54.04758026343109,0,0,0,0,0.7090628147125244,
F42022,10,29,29,848.0004409975714,800.0,48.000440997571445,0,0,0,0,0.7139289379119873,
F42022,10,30,30,822.000000159549,800.0,22.000000159549018,0,0,0,0,0.7101559638977051,
F52022,10,1,1,901.4615143197348,900.0,1.4615143197347606,0,0,0,0,0.4688401222229004,
F52022,10,2,2,900.9984862527892,900.0,0.9984862527892346,0,0,0,0,0.47488999366760254,
F52022,10,3,3,900.6850935430994,900.0,0.6850935430993559,0,0,0,0,0.4694499969482422,
F52022,10,4,4,900.2418923088001,900.0,0.24189230880006107,0,0,0,0,0.465972900390625,
F52022,10,5,5,900.3099181022889,900.0,0.3099181022888615,0,0,0,0,0.4668087959289551,
F52022,10,6,6,900.9979141873886,900.0,0.9979141873885737,0,0,0,0,0.4665961265563965,
F52022,10,7,7,900.9107243498562,900.0,0.9107243498561957,0,0,0,0,0.4675886631011963,
F52022,10,8,8,900.6349989125312,900.0,0.6349989125311595,0,0,0,0,0.46826601028442383,
F52022,10,9,9,901.5575572576741,900.0,1.5575572576741479,0,0,0,0,0.4685549736022949,
F52022,10,10,10,900.5866217250137,900.0,0.5866217250137424,0,0,0,0,0.47310400009155273,
F52022,10,11,11,901.4736452581357,900.0,1.4736452581356616,0,0,0,0,0.46711111068725586,
F52022,10,12,12,900.3103910159269,900.0,0.31039101592693896,0,0,0,0,0.47420501708984375,
F52022,10,13,13,900.6103493169339,900.0,0.6103493169339345,0,0,0,0,0.46622586250305176,
F52022,10,14,14,900.2189200320474,900.0,0.2189200320474356,0,0,0,0,0.4666571617126465,
F52022,10,15,15,901.5531734040911,900.0,1.553173404091126,0,0,0,0,0.4702756404876709,
F52022,10,16,16,900.6626776266496,900.0,0.6626776266496108,0,0,0,0,0.4657433032989502,
F52022,10,17,17,900.5409684124267,900.0,0.5409684124266505,0,0,0,0,0.4638080596923828,
F52022,10,18,18,900.6577785434553,900.0,0.6577785434552652,0,0,0,0,0.4665210247039795,
F52022,10,19,19,900.6628406968317,900.0,0.6628406968317222,0,0,0,0,0.46529316902160645,
F52022,10,20,20,900.6022835298382,900.0,0.6022835298382461,0,0,0,0,0.46565914154052734,
F52022,10,21,21,900.8925891132748,900.0,0.8925891132747665,0,0,0,0,0.4709601402282715,
F52022,10,22,22,901.7445391702655,900.0,1.7445391702655115,0,0,0,0,0.4744381904602051,
F52022,10,23,23,902.3002883797102,900.0,2.300288379710196,0,0,0,0,0.4685969352722168,
F52022,10,24,24,901.1196131292439,900.0,1.1196131292439304,0,0,0,0,0.46853208541870117,
F52022,10,25,25,900.7380400159531,900.0,0.7380400159530609,0,0,0,0,0.469310998916626,
F52022,10,26,26,901.1089661062429,900.0,1.1089661062428604,0,0,0,0,0.47176289558410645,
F52022,10,27,27,900.9565440448939,900.0,0.9565440448939171,0,0,0,0,0.46686291694641113,
F52022,10,28,28,900.8934091881611,900.0,0.8934091881610584,0,0,0,0,0.46648716926574707,
F52022,10,29,29,901.1888230667822,900.0,1.18882306678222,0,0,0,0,0.4652588367462158,
F52022,10,30,30,901.0528432611734,900.0,1.0528432611733933,0,0,0,0,0.46558070182800293,
F62022,10,1,1,44095.0411957452,1800.0,42295.0411957452,0,0,0,0,0.5099079608917236,
F62022,10,2,2,16767.40309892385,1800.0,14967.403098923849,0,0,0,0,0.508030891418457,
F62022,10,3,3,20412.40077144809,1800.0,18612.40077144809,0,0,0,0,0.5092761516571045,
F62022,10,4,4,15584.242753915907,1800.0,13784.242753915907,0,0,0,0,0.5083513259887695,
F62022,10,5,5,17678.20266558498,1800.0,15878.20266558498,0,0,0,0,0.511497974395752,
F62022,10,6,6,19651.794453057126,1800.0,17851.794453057126,0,0,0,0,0.523622989654541,
F62022,10,7,7,18629.741954258745,1800.0,16829.741954258745,0,0,0,0,0.5145888328552246,
F62022,10,8,8,29704.28929477033,1800.0,27904.28929477033,0,0,0,0,0.5166659355163574,
F62022,10,9,9,17892.37851084546,1800.0,16092.378510845461,0,0,0,0,0.5086021423339844,
F62022,10,10,10,15245.85263901787,1800.0,13445.85263901787,0,0,0,0,0.5089328289031982,
F62022,10,11,11,22191.90227670971,1800.0,20391.90227670971,0,0,0,0,0.5126149654388428,
F62022,10,12,12,13006.874925408736,1800.0,11206.874925408736,0,0,0,0,0.5130758285522461,
F62022,10,13,13,24512.55690260745,1800.0,22712.55690260745,0,0,0,0,0.5098018646240234,
F62022,10,14,14,20203.554750399795,1800.0,18403.554750399795,0,0,0,0,0.5107331275939941,
F62022,10,15,15,20277.108824670508,1800.0,18477.108824670508,0,0,0,0,0.5084779262542725,
F62022,10,16,16,15251.473513381872,1800.0,13451.473513381872,0,0,0,0,0.5083789825439453,
F62022,10,17,17,19198.516939184574,1800.0,17398.516939184574,0,0,0,0,0.5100209712982178,
F62022,10,18,18,21749.692770431346,1800.0,19949.692770431346,0,0,0,0,0.5083529949188232,
F62022,10,19,19,19791.59103931892,1800.0,17991.59103931892,0,0,0,0,0.5100808143615723,
F62022,10,20,20,18523.738502784123,1800.0,16723.738502784123,0,0,0,0,0.5097641944885254,
F62022,10,21,21,13817.020595831578,1800.0,12017.020595831578,0,0,0,0,0.5084967613220215,
F62022,10,22,22,13736.779989708155,1800.0,11936.779989708155,0,0,0,0,0.5105597972869873,
F62022,10,23,23,19153.323837279662,1800.0,17353.323837279662,0,0,0,0,0.5080790519714355,
F62022,10,24,24,13142.601439453045,1800.0,11342.601439453045,0,0,0,0,0.5072891712188721,
F62022,10,25,25,19027.926209562036,1800.0,17227.926209562036,0,0,0,0,0.5093438625335693,
F62022,10,26,26,20534.028747072392,1800.0,18734.028747072392,0,0,0,0,0.50807785987854,
F62022,10,27,27,12430.346541720479,1800.0,10630.346541720479,0,0,0,0,0.5094268321990967,
F62022,10,28,28,27210.584228373405,1800.0,25410.584228373405,0,0,0,0,0.5155127048492432,
F62022,10,29,29,22842.20273353658,1800.0,21042.20273353658,0,0,0,0,0.5105252265930176,
F62022,10,30,30,14199.755218440469,1800.0,12399.755218440469,0,0,0,0,0.5102758407592773,
F72022,10,1,1,2325.91729804518,2000.0,325.9172980451799,0,0,0,0,2.8120949268341064,
F72022,10,2,2,2143.6528897100684,2000.0,143.6528897100684,0,0,0,0,2.8140971660614014,
F72022,10,3,3,2071.150076371208,2000.0,71.15007637120789,0,0,0,0,2.817063093185425,
F72022,10,4,4,2126.808977013797,2000.0,126.80897701379718,0,0,0,0,2.8148610591888428,
F72022,10,5,5,2070.981621213357,2000.0,70.9816212133569,0,0,0,0,2.8156449794769287,
F72022,10,6,6,2065.683896900492,2000.0,65.68389690049207,0,0,0,0,2.817656993865967,
F72022,10,7,7,2054.147454116299,2000.0,54.14745411629883,0,0,0,0,2.8167569637298584,
F72022,10,8,8,2127.496277871983,2000.0,127.49627787198278,0,0,0,0,2.814910888671875,
F72022,10,9,9,2039.5208300614063,2000.0,39.520830061406286,0,0,0,0,2.840611219406128,
F72022,10,10,10,2066.4397926298393,2000.0,66.4397926298393,0,0,0,0,2.8306469917297363,
F72022,10,11,11,2067.447960285621,2000.0,67.44796028562087,0,0,0,0,2.8292529582977295,
F72022,10,12,12,2159.771443329029,2000.0,159.7714433290289,0,0,0,0,2.831817150115967,
F72022,10,13,13,2060.800308618021,2000.0,60.80030861802106,0,0,0,0,2.826677083969116,
F72022,10,14,14,2141.723487213266,2000.0,141.7234872132658,0,0,0,0,2.8320858478546143,
F72022,10,15,15,2033.8432771213238,2000.0,33.84327712132381,0,0,0,0,2.838210105895996,
F72022,10,16,16,2131.7528809759974,2000.0,131.7528809759974,0,0,0,0,2.831228256225586,
F72022,10,17,17,2074.2760578879115,2000.0,74.27605788791152,0,0,0,0,2.8292810916900635,
F72022,10,18,18,2088.9305285563596,2000.0,88.9305285563596,0,0,0,0,2.8248720169067383,
F72022,10,19,19,2056.4476891658537,2000.0,56.44768916585372,0,0,0,0,2.8230841159820557,
F72022,10,20,20,2133.6137054197534,2000.0,133.6137054197534,0,0,0,0,2.82624888420105,
F72022,10,21,21,2049.4781987488022,2000.0,49.47819874880224,0,0,0,0,2.826253890991211,
F72022,10,22,22,2052.4178549145936,2000.0,52.41785491459359,0,0,0,0,2.825561046600342,
F72022,10,23,23,2058.351704379969,2000.0,58.35170437996885,0,0,0,0,2.8258979320526123,
F72022,10,24,24,2040.832519313629,2000.0,40.832519313629064,0,0,0,0,2.824964761734009,
F72022,10,25,25,2150.1528528983595,2000.0,150.15285289835947,0,0,0,0,2.831928253173828,
F72022,10,26,26,2243.3551624725064,2000.0,243.35516247250644,0,0,0,0,2.8313257694244385,
F72022,10,27,27,2104.9990036173895,2000.0,104.99900361738946,0,0,0,0,2.839599847793579,
F72022,10,28,28,2141.801597965863,2000.0,141.80159796586304,0,0,0,0,2.827850103378296,
F72022,10,29,29,2100.3809369592436,2000.0,100.38093695924363,0,0,0,0,2.826479196548462,
F72022,10,30,30,2054.4675740867588,2000.0,54.46757408675876,0,0,0,0,2.8242340087890625,
F82022,10,1,1,2245.187583347809,2200.0,45.18758334780887,0,0,0,0,3.774256944656372,
F82022,10,2,2,3039.695494149491,2200.0,839.695494149491,0,0,0,0,3.781268835067749,
F82022,10,3,3,2409.0764922453627,2200.0,209.07649224536272,0,0,0,0,3.778217077255249,
F82022,10,4,4,3902.213735400089,2200.0,1702.2137354000888,0,0,0,0,3.7832510471343994,
F82022,10,5,5,2289.368185319842,2200.0,89.36818531984181,0,0,0,0,3.785914182662964,
F82022,10,6,6,3955.432839992498,2200.0,1755.432839992498,0,0,0,0,3.7800238132476807,
F82022,10,7,7,2327.43808526188,2200.0,127.43808526188013,0,0,0,0,3.770739793777466,
F82022,10,8,8,2260.966200339953,2200.0,60.96620033995305,0,0,0,0,3.7711589336395264,
F82022,10,9,9,2296.2105670081073,2200.0,96.21056700810732,0,0,0,0,3.7700400352478027,
F82022,10,10,10,2283.9362915879124,2200.0,83.93629158791236,0,0,0,0,3.7751810550689697,
F82022,10,11,11,2296.530507666364,2200.0,96.53050766636397,0,0,0,0,3.771771192550659,
F82022,10,12,12,3872.632211631008,2200.0,1672.632211631008,0,0,0,0,3.769714117050171,
F82022,10,13,13,2301.935589538083,2200.0,101.93558953808315,0,0,0,0,3.771855115890503,
F82022,10,14,14,2288.9617663646363,2200.0,88.96176636463633,0,0,0,0,3.772321939468384,
F82022,10,15,15,2304.088006206658,2200.0,104.08800620665806,0,0,0,0,3.77669095993042,
F82022,10,16,16,2885.355810917029,2200.0,685.355810917029,0,0,0,0,3.7730300426483154,
F82022,10,17,17,2326.5595022395632,2200.0,126.55950223956324,0,0,0,0,3.775020122528076,
F82022,10,18,18,3057.3132680699023,2200.0,857.3132680699023,0,0,0,0,3.767301082611084,
F82022,10,19,19,2238.887007226128,2200.0,38.887007226127935,0,0,0,0,3.7678699493408203,
F82022,10,20,20,2294.841083452236,2200.0,94.84108345223603,0,0,0,0,3.7785069942474365,
F82022,10,21,21,2355.6115444603142,2200.0,155.61154446031424,0,0,0,0,3.779592990875244,
F82022,10,22,22,2241.95452038586,2200.0,41.95452038586018,0,0,0,0,3.768470048904419,
F82022,10,23,23,2321.159376911343,2200.0,121.15937691134286,0,0,0,0,3.7714669704437256,
F82022,10,24,24,2297.0747865448857,2200.0,97.07478654488568,0,0,0,0,3.768862009048462,
F82022,10,25,25,2318.3401670560843,2200.0,118.34016705608428,0,0,0,0,3.7686429023742676,
F82022,10,26,26,2384.421338816144,2200.0,184.42133881614382,0,0,0,0,3.76796817779541,
F82022,10,27,27,2397.722682641015,2200.0,197.72268264101513,0,0,0,0,3.770693778991699,
F82022,10,28,28,2227.5696726761785,2200.0,27.56967267617847,0,0,0,0,3.773826837539673,
F82022,10,29,29,3958.8970781844414,2200.0,1758.8970781844414,0,0,0,0,3.7772397994995117,
F82022,10,30,30,3885.779260067749,2200.0,1685.779260067749,0,0,0,0,3.77956485748291,
F92022,10,1,1,2751.29170001979,2300.0,451.2917000197899,0,0,0,0,1.077143669128418,
F92022,10,2,2,2932.7328552441654,2300.0,632.7328552441654,0,0,0,0,1.0766587257385254,
F92022,10,3,3,2824.2745796671097,2300.0,524.2745796671097,0,0,0,0,1.0768120288848877,
F92022,10,4,4,2532.5711850615385,2300.0,232.57118506153847,0,0,0,0,1.0757699012756348,
F92022,10,5,5,2766.1293332630285,2300.0,466.12933326302846,0,0,0,0,1.0763099193572998,
F92022,10,6,6,2819.804653893547,2300.0,519.8046538935469,0,0,0,0,1.0764880180358887,
F92022,10,7,7,2339.690388630824,2300.0,39.690388630824145,0,0,0,0,1.0774519443511963,
F92022,10,8,8,2348.768007550254,2300.0,48.76800755025397,0,0,0,0,1.0763370990753174,
F92022,10,9,9,2599.2323717051004,2300.0,299.2323717051004,0,0,0,0,1.0777409076690674,
F92022,10,10,10,2778.5093476851653,2300.0,478.50934768516527,0,0,0,0,1.0759360790252686,
F92022,10,11,11,2720.8516571247374,2300.0,420.85165712473736,0,0,0,0,1.0760750770568848,
F92022,10,12,12,3073.591831156321,2300.0,773.591831156321,0,0,0,0,1.0756089687347412,
F92022,10,13,13,2783.0735708202014,2300.0,483.07357082020144,0,0,0,0,1.0761778354644775,
F92022,10,14,14,2799.4090834721237,2300.0,499.4090834721237,0,0,0,0,1.0762701034545898,
F92022,10,15,15,2342.1852987365,2300.0,42.185298736500044,0,0,0,0,1.076251745223999,
F92022,10,16,16,2783.00012868174,2300.0,483.0001286817401,0,0,0,0,1.0759022235870361,
F92022,10,17,17,2824.549315695692,2300.0,524.5493156956918,0,0,0,0,1.076735019683838,
F92022,10,18,18,2321.1358723574485,2300.0,21.135872357448534,0,0,0,0,1.0761661529541016,
F92022,10,19,19,2823.3022100282824,2300.0,523.3022100282824,0,0,0,0,1.0809299945831299,
F92022,10,20,20,2790.2912507633014,2300.0,490.2912507633014,0,0,0,0,1.0827360153198242,
F92022,10,21,21,3048.887534519057,2300.0,748.8875345190572,0,0,0,0,1.082495927810669,
F92022,10,22,22,2345.1940584190484,2300.0,45.19405841904836,0,0,0,0,1.0798161029815674,
F92022,10,23,23,2742.0908974343592,2300.0,442.09089743435925,0,0,0,0,1.075908899307251,
F92022,10,24,24,2785.7803554755606,2300.0,485.78035547556055,0,0,0,0,1.0757200717926025,
F92022,10,25,25,2343.4281118798863,2300.0,43.42811187988627,0,0,0,0,1.0755329132080078,
F92022,10,26,26,2333.6043703394334,2300.0,33.604370339433444,0,0,0,0,1.0758919715881348,
F92022,10,27,27,2795.095345540047,2300.0,495.0953455400472,0,0,0,0,1.0745019912719727,
F92022,10,28,28,2772.4089939601745,2300.0,472.4089939601745,0,0,0,0,1.0744471549987793,
F92022,10,29,29,2800.840887235814,2300.0,500.8408872358141,0,0,0,0,1.0741498470306396,
F92022,10,30,30,2334.287476277056,2300.0,34.28747627705616,0,0,0,0,1.0751750469207764,
F102022,10,1,1,1724.349728050774,2400.0,-675.650271949226,0,0,0,0,1.1644008159637451,
F102022,10,2,2,2160.2611007843066,2400.0,-239.73889921569344,0,0,0,0,1.1643860340118408,
F102022,10,3,3,2757.7316563006398,2400.0,357.73165630063977,0,0,0,0,1.1627702713012695,
F102022,10,4,4,2767.0288994737007,2400.0,367.0288994737007,0,0,0,0,1.1622869968414307,
F102022,10,5,5,2385.203935578448,2400.0,-14.796064421551819,0,0,0,0,1.1662189960479736,
F102022,10,6,6,2681.6726532188836,2400.0,281.6726532188836,0,0,0,0,1.1398818492889404,
F102022,10,7,7,2490.951957936032,2400.0,90.95195793603216,0,0,0,0,1.1683712005615234,
F102022,10,8,8,2268.735885873714,2400.0,-131.26411412628613,0,0,0,0,1.1661028861999512,
F102022,10,9,9,1800.308965700343,2400.0,-599.6910342996571,0,0,0,0,1.1665170192718506,
F102022,10,10,10,2518.9333241823892,2400.0,118.93332418238924,0,0,0,0,1.1672918796539307,
F102022,10,11,11,2038.0296414787085,2400.0,-361.9703585212915,0,0,0,0,1.1599600315093994,
F102022,10,12,12,2597.650893766608,2400.0,197.65089376660808,0,0,0,0,1.164316177368164,
F102022,10,13,13,2599.1644179966092,2400.0,199.16441799660925,0,0,0,0,1.1702117919921875,
F102022,10,14,14,2722.3388416598823,2400.0,322.3388416598823,0,0,0,0,1.1778700351715088,
F102022,10,15,15,2697.8490441905133,2400.0,297.84904419051327,0,0,0,0,1.1747829914093018,
F102022,10,16,16,2644.1751789854457,2400.0,244.17517898544565,0,0,0,0,1.168025016784668,
F102022,10,17,17,2739.9822355351257,2400.0,339.9822355351257,0,0,0,0,1.1660549640655518,
F102022,10,18,18,1372.5222013027035,2400.0,-1027.4777986972965,0,0,0,0,1.1600840091705322,
F102022,10,19,19,1446.3093121842571,2400.0,-953.6906878157429,0,0,0,0,1.1394269466400146,
F102022,10,20,20,2264.5329326485917,2400.0,-135.46706735140833,0,0,0,0,1.1708669662475586,
F102022,10,21,21,639.6617878213597,2400.0,-1760.3382121786403,0,0,0,0,1.1738319396972656,
F102022,10,22,22,2461.43756982827,2400.0,61.43756982827017,0,0,0,0,1.1715898513793945,
F102022,10,23,23,2058.3639677996775,2400.0,-341.63603220032246,0,0,0,0,1.1401350498199463,
F102022,10,24,24,1665.2392500820574,2400.0,-734.7607499179426,0,0,0,0,1.164674997329712,
F102022,10,25,25,1124.958527450152,2400.0,-1275.041472549848,0,0,0,0,1.1700198650360107,
F102022,10,26,26,2428.7668108930716,2400.0,28.76681089307158,0,0,0,0,1.16780686378479,
F102022,10,27,27,1725.4315998497327,2400.0,-674.5684001502673,0,0,0,0,1.1353168487548828,
F102022,10,28,28,2421.2705951379476,2400.0,21.270595137947566,0,0,0,0,1.166383981704712,
F102022,10,29,29,2723.8770305430703,2400.0,323.8770305430703,0,0,0,0,1.1663000583648682,
F102022,10,30,30,1701.1594558214138,2400.0,-698.8405441785862,0,0,0,0,1.1669161319732666,
F112022,10,1,1,2612.147960094654,2600.0,12.147960094654081,0,0,0,0,1.7115671634674072,
F112022,10,2,2,2606.491250353856,2600.0,6.491250353855776,0,0,0,0,1.7028741836547852,
F112022,10,3,3,2609.754502998144,2600.0,9.754502998143835,0,0,0,0,1.7122259140014648,
F112022,10,4,4,2663.983093826692,2600.0,63.98309382669186,0,0,0,0,1.717297077178955,
F112022,10,5,5,2651.441170250327,2600.0,51.441170250327104,0,0,0,0,1.7191269397735596,
F112022,10,6,6,2611.5032838464044,2600.0,11.503283846404429,0,0,0,0,1.7167658805847168,
F112022,10,7,7,2606.0330095405407,2600.0,6.033009540540661,0,0,0,0,1.7096819877624512,
F112022,10,8,8,2611.6744812861257,2600.0,11.674481286125683,0,0,0,0,1.7185559272766113,
F112022,10,9,9,2612.3241150113995,2600.0,12.324115011399499,0,0,0,0,1.7082738876342773,
F112022,10,10,10,2618.9649751029674,2600.0,18.9649751029674,0,0,0,0,1.7092630863189697,
F112022,10,11,11,2621.272094154497,2600.0,21.272094154497154,0,0,0,0,1.7076318264007568,
F112022,10,12,12,3012.155267776879,2600.0,412.1552677768791,0,0,0,0,1.7073500156402588,
F112022,10,13,13,2605.13913665785,2600.0,5.139136657850031,0,0,0,0,1.7015538215637207,
F112022,10,14,14,2606.4425425950085,2600.0,6.44254259500849,0,0,0,0,1.7013142108917236,
F112022,10,15,15,2646.4027713438304,2600.0,46.40277134383041,0,0,0,0,1.7066669464111328,
F112022,10,16,16,2686.602300429471,2600.0,86.60230042947114,0,0,0,0,1.708677053451538,
F112022,10,17,17,2646.8501932706477,2600.0,46.85019327064765,0,0,0,0,1.7220909595489502,
F112022,10,18,18,2610.816582715521,2600.0,10.81658271552078,0,0,0,0,1.7312040328979492,
F112022,10,19,19,2634.839775972434,2600.0,34.83977597243393,0,0,0,0,1.7147338390350342,
F112022,10,20,20,2639.529911770898,2600.0,39.5299117708978,0,0,0,0,1.7139568328857422,
F112022,10,21,21,2620.832448935529,2600.0,20.8324489355291,0,0,0,0,1.7162089347839355,
F112022,10,22,22,2621.5969955549394,2600.0,21.59699555493944,0,0,0,0,1.7155053615570068,
F112022,10,23,23,2608.7641993541115,2600.0,8.764199354111497,0,0,0,0,1.7123379707336426,
F112022,10,24,24,2759.019196591569,2600.0,159.0191965915692,0,0,0,0,1.716137170791626,
F112022,10,25,25,2644.452514359977,2600.0,44.45251435997716,0,0,0,0,1.7076530456542969,
F112022,10,26,26,2646.7557700502293,2600.0,46.75577005022933,0,0,0,0,1.7086942195892334,
F112022,10,27,27,2730.536006567455,2600.0,130.53600656745493,0,0,0,0,1.7075932025909424,
F112022,10,28,28,2643.5391894826626,2600.0,43.53918948266255,0,0,0,0,1.7100019454956055,
F112022,10,29,29,2730.451658266742,2600.0,130.45165826674202,0,0,0,0,1.7074759006500244,
F112022,10,30,30,2629.317663045537,2600.0,29.317663045536847,0,0,0,0,1.7083189487457275,
F122022,10,1,1,2842.4969625799076,2700.0,142.49696257990763,0,0,0,0,1.8146519660949707,
F122022,10,2,2,2905.1802367227124,2700.0,205.18023672271238,0,0,0,0,1.8035857677459717,
F122022,10,3,3,2909.2756068231665,2700.0,209.27560682316653,0,0,0,0,1.8136389255523682,
F122022,10,4,4,2906.4872552077495,2700.0,206.4872552077495,0,0,0,0,1.8134901523590088,
F122022,10,5,5,2888.438554367714,2700.0,188.438554367714,0,0,0,0,1.810610055923462,
F122022,10,6,6,2894.46790729705,2700.0,194.4679072970498,0,0,0,0,1.7950749397277832,
F122022,10,7,7,2925.8349076122377,2700.0,225.83490761223766,0,0,0,0,1.819593906402588,
F122022,10,8,8,2888.8369218455327,2700.0,188.83692184553274,0,0,0,0,1.8017451763153076,
F122022,10,9,9,2970.4375600131575,2700.0,270.4375600131575,0,0,0,0,1.8268702030181885,
F122022,10,10,10,2963.299257076581,2700.0,263.29925707658094,0,0,0,0,1.8251888751983643,
F122022,10,11,11,2915.2423658148336,2700.0,215.24236581483365,0,0,0,0,1.827519178390503,
F122022,10,12,12,2917.153201894514,2700.0,217.15320189451404,0,0,0,0,1.8173060417175293,
F122022,10,13,13,2889.3685812415856,2700.0,189.36858124158562,0,0,0,0,1.8139073848724365,
F122022,10,14,14,2993.9447791270773,2700.0,293.94477912707725,0,0,0,0,1.8262898921966553,
F122022,10,15,15,2913.339497761106,2700.0,213.33949776110603,0,0,0,0,1.8135690689086914,
F122022,10,16,16,2919.45709575473,2700.0,219.45709575472983,0,0,0,0,1.8282811641693115,
F122022,10,17,17,2883.595978975545,2700.0,183.59597897554522,0,0,0,0,1.819044828414917,
F122022,10,18,18,2909.006102447938,2700.0,209.0061024479378,0,0,0,0,1.8202738761901855,
F122022,10,19,19,2886.292972216553,2700.0,186.29297221655315,0,0,0,0,1.7977750301361084,
F122022,10,20,20,2895.215832570016,2700.0,195.21583257001612,0,0,0,0,1.8205220699310303,
F122022,10,21,21,2889.8111862674295,2700.0,189.81118626742955,0,0,0,0,1.8025269508361816,
F122022,10,22,22,2870.0035503714644,2700.0,170.00355037146437,0,0,0,0,1.8065860271453857,
F122022,10,23,23,2878.1259923995117,2700.0,178.1259923995117,0,0,0,0,1.818634033203125,
F122022,10,24,24,2949.7683742703084,2700.0,249.7683742703084,0,0,0,0,1.7971420288085938,
F122022,10,25,25,2924.7174007458543,2700.0,224.71740074585432,0,0,0,0,1.7964370250701904,
F122022,10,26,26,2923.3418018687926,2700.0,223.34180186879257,0,0,0,0,1.7952101230621338,
F122022,10,27,27,2954.564769088956,2700.0,254.56476908895593,0,0,0,0,1.8204329013824463,
F122022,10,28,28,2820.7787886692886,2700.0,120.77878866928859,0,0,0,0,1.8187141418457031,
F122022,10,29,29,2897.31603647104,2700.0,197.3160364710402,0,0,0,0,1.789872169494629,
F122022,10,30,30,2854.7959119174966,2700.0,154.7959119174966,0,0,0,0,1.8055269718170166,
