function,dimension,run_id,seed,best_fitness,global_optimum,error_to_optimum,rescues_applied,diagnostics_invoked,diagnostics_invocation_count,positive_diagnosis_count,runtime_sec,diagnostics_invocation_iterations
F12022,10,1,1,495.5213902056086,300.0,195.5213902056086,0,0,0,0,1.5660274028778076,
F12022,10,2,2,4082.804124384304,300.0,3782.804124384304,1,2,2,1,2.869722366333008,489;490
F12022,10,3,3,2417.011174681855,300.0,2117.011174681855,1,3,3,1,1.1019823551177979,482;483;484
F12022,10,4,4,2562.282711910448,300.0,2262.282711910448,1,2,2,1,1.127270221710205,482;483
F12022,10,5,5,502.78834165086414,300.0,202.78834165086414,0,8,8,0,1.3066589832305908,490;491;492;493;494;495;496;497
F12022,10,6,6,4037.4982715563406,300.0,3737.4982715563406,1,1,1,1,1.0323834419250488,427
F12022,10,7,7,2533.2331732263524,300.0,2233.2331732263524,1,13,13,1,1.5093944072723389,463;464;465;466;467;468;469;470;471;472;473;474;475
F12022,10,8,8,494.84895018862505,300.0,194.84895018862505,0,3,3,0,1.1100921630859375,485;486;487
F12022,10,9,9,4019.4619101945573,300.0,3719.4619101945573,1,2,2,1,1.068396806716919,427;428
F12022,10,10,10,2494.9795839362864,300.0,2194.9795839362864,1,7,7,1,1.263343334197998,433;434;435;436;437;438;439
F12022,10,11,11,3337.0547640979617,300.0,3037.0547640979617,1,5,5,1,1.1815576553344727,481;482;483;484;494
F12022,10,12,12,493.08505985954656,300.0,193.08505985954656,0,7,7,0,1.2691779136657715,494;495;496;497;498;499;500
F12022,10,13,13,449.5456011820961,300.0,149.5456011820961,2,3,3,2,1.110597848892212,467;490;500
F12022,10,14,14,6243.839324878961,300.0,5943.839324878961,1,32,32,1,2.2831332683563232,431;432;433;434;435;436;437;438;439;440;441;442;443;444;445;446;447;448;449;450;451;452;453;454;455;456;457;458;459;460;461;462
F12022,10,15,15,2582.0740036157044,300.0,2282.0740036157044,1,7,7,1,1.2758371829986572,471;472;491;492;493;494;495
F12022,10,16,16,4810.582829548029,300.0,4510.582829548029,1,6,6,1,1.2509851455688477,440;441;442;443;444;445
F12022,10,17,17,2487.7088116547393,300.0,2187.7088116547393,1,10,10,1,1.439765453338623,470;471;472;473;474;475;485;486;487;488
F12022,10,18,18,3746.6951414471655,300.0,3446.6951414471655,0,4,4,0,1.1854801177978516,494;495;496;497
F12022,10,19,19,2536.2827924637954,300.0,2236.2827924637954,1,24,24,1,1.9874544143676758,466;467;468;469;470;471;472;473;474;475;476;477;478;479;480;481;482;483;484;485;486;487;488;489
F12022,10,20,20,5838.93737080669,300.0,5538.93737080669,1,23,23,1,1.936629056930542,469;470;473;474;475;476;477;478;479;480;481;482;483;484;485;486;487;488;489;490;491;492;493
F12022,10,21,21,4266.293393920119,300.0,3966.2933939201193,1,3,3,1,1.1082837581634521,424;427;428
F12022,10,22,22,3933.408985389506,300.0,3633.408985389506,1,27,27,1,2.126249313354492,427;448;449;450;451;452;453;454;455;456;457;458;459;460;461;462;463;464;465;466;467;468;469;470;471;472;473
F12022,10,23,23,8255.786248666047,300.0,7955.786248666047,1,9,9,1,1.386397361755371,475;476;477;478;479;480;481;482;483
F12022,10,24,24,2524.9993144658674,300.0,2224.9993144658674,1,4,4,1,1.174037218093872,477;478;479;498
F12022,10,25,25,7886.166699794906,300.0,7586.166699794906,0,2,2,0,1.0858073234558105,469;470
F12022,10,26,26,3194.9498279008562,300.0,2894.9498279008562,1,20,20,1,1.861450433731079,471;472;473;474;475;476;477;478;479;480;481;482;483;484;485;486;487;488;489;490
F12022,10,27,27,4614.175234723646,300.0,4314.175234723646,1,15,15,1,1.6615922451019287,441;455;456;487;488;489;490;491;492;493;494;495;496;497;498
F12022,10,28,28,2620.755658825627,300.0,2320.755658825627,0,7,7,0,1.2954237461090088,480;481;482;483;484;499;500
F12022,10,29,29,6319.805140195071,300.0,6019.805140195071,1,11,11,1,1.4856243133544922,476;477;478;479;480;481;482;483;484;485;486
F12022,10,30,30,4036.4308701827354,300.0,3736.4308701827354,2,19,19,2,1.7978601455688477,427;428;429;432;433;434;435;436;437;438;439;440;445;446;447;448;449;490;491
F22022,10,1,1,611.4130460831692,400.0,211.4130460831692,0,6,6,0,1.4131386280059814,488;489;490;491;492;493
F22022,10,2,2,631.1783014987616,400.0,231.17830149876158,1,2,2,1,1.2685916423797607,483;484
F22022,10,3,3,620.649837416564,400.0,220.64983741656397,1,3,3,1,1.7660863399505615,475;476;477
F22022,10,4,4,505.3046251561203,400.0,105.30462515612032,1,2,2,1,1.6193058490753174,485;486
F22022,10,5,5,831.99843832236,400.0,431.99843832236,1,1,1,1,1.4895429611206055,432
F22022,10,6,6,623.1139975306592,400.0,223.11399753065916,2,5,5,2,1.487548828125,468;469;470;471;481
F22022,10,7,7,1432.9535269418973,400.0,1032.9535269418973,2,2,2,2,1.3529608249664307,443;487
F22022,10,8,8,594.0608096630017,400.0,194.0608096630017,3,13,13,3,2.0615720748901367,448;449;450;451;452;453;454;455;473;474;484;485;486
F22022,10,9,9,497.17513578425417,400.0,97.17513578425417,1,1,1,1,1.3474843502044678,486
F22022,10,10,10,634.5010531938632,400.0,234.50105319386319,1,1,1,1,1.3216452598571777,464
F22022,10,11,11,599.3355284915234,400.0,199.3355284915234,3,5,5,3,1.485203504562378,444;451;452;484;495
F22022,10,12,12,1073.6559945729787,400.0,673.6559945729787,2,6,6,2,1.6021711826324463,465;490;491;492;493;494
F22022,10,13,13,610.8633938024277,400.0,210.8633938024277,1,5,5,1,1.5320711135864258,477;478;488;489;490
F22022,10,14,14,779.4929285136842,400.0,379.4929285136842,1,2,2,1,1.3506503105163574,434;435
F22022,10,15,15,604.5002633704779,400.0,204.5002633704779,2,2,2,2,1.3801946640014648,474;485
F22022,10,16,16,1079.7073782239763,400.0,679.7073782239763,1,2,2,1,1.3468525409698486,470;471
F22022,10,17,17,517.4460547687602,400.0,117.44605476876018,0,2,2,0,1.3477783203125,494;495
F22022,10,18,18,472.15791380448707,400.0,72.15791380448707,1,1,1,1,1.8199501037597656,428
F22022,10,19,19,624.9935562030192,400.0,224.99355620301924,2,2,2,2,1.508896827697754,473;490
F22022,10,20,20,820.880360630418,400.0,420.88036063041795,2,2,2,2,1.3699746131896973,457;487
F22022,10,21,21,618.7799366311024,400.0,218.77993663110237,1,5,5,1,1.5696609020233154,490;491;492;493;494
F22022,10,22,22,624.1416975099531,400.0,224.14169750995313,1,3,3,1,1.4829728603363037,476;477;478
F22022,10,23,23,625.9593387985859,400.0,225.95933879858592,1,1,1,1,1.396902322769165,498
F22022,10,24,24,633.359500493315,400.0,233.35950049331495,0,0,0,0,1.3192501068115234,
F22022,10,25,25,1369.6377173418368,400.0,969.6377173418368,0,0,0,0,1.2140710353851318,
F22022,10,26,26,909.9282620354718,400.0,509.9282620354718,1,6,6,1,1.4980816841125488,428;429;430;431;499;500
F22022,10,27,27,871.1061795408709,400.0,471.1061795408709,0,2,2,0,1.2842884063720703,497;498
F22022,10,28,28,607.4747443137921,400.0,207.47474431379214,1,2,2,1,1.2752492427825928,474;479
F22022,10,29,29,1043.9336901644288,400.0,643.9336901644288,1,1,1,1,1.2270712852478027,444
F22022,10,30,30,968.1751685885923,400.0,568.1751685885923,1,1,1,1,1.2834947109222412,469
F32022,10,1,1,600.0086460774326,600.0,0.00864607743255874,16,21,21,16,3.2625138759613037,268;291;292;302;360;361;371;372;386;396;397;407;417;427;437;447;465;475;476;486;497
F32022,10,2,2,600.020442842976,600.0,0.020442842975967324,14,16,16,14,2.878451108932495,269;304;352;362;380;390;402;413;423;433;434;444;454;464;474;484
F32022,10,3,3,600.0020266675485,600.0,0.002026667548534533,16,21,21,16,3.226907253265381,286;309;325;351;361;362;372;394;404;405;417;427;437;438;448;449;459;469;479;489;499
F32022,10,4,4,600.004775288563,600.0,0.004775288562996138,18,20,20,18,3.2045717239379883,260;291;301;324;364;374;375;385;397;407;417;427;437;438;448;458;468;478;488;498
F32022,10,5,5,600.0033771068903,600.0,0.0033771068902979096,15,21,21,15,3.5645053386688232,307;317;328;371;372;382;383;384;394;395;396;410;420;421;431;443;453;463;473;483;493
F32022,10,6,6,600.0080083356821,600.0,0.00800833568212056,16,21,21,16,3.269709587097168,276;300;343;356;366;376;386;396;406;418;419;438;448;458;459;460;461;471;481;482;492
F32022,10,7,7,600.0286743342403,600.0,0.028674334240349708,15,20,20,15,3.1970815658569336,296;312;313;325;350;360;370;383;384;394;395;413;423;433;434;444;454;464;465;491
F32022,10,8,8,600.0043183744914,600.0,0.0043183744913903865,13,19,19,13,3.0726158618927,313;323;334;383;393;394;406;422;423;433;443;457;458;459;469;479;480;490;500
F32022,10,9,9,600.0001356145398,600.0,0.00013561453977217752,17,36,36,17,4.300363302230835,276;313;314;333;350;351;352;362;363;373;374;384;385;395;396;397;407;408;409;410;411;421;422;432;442;452;453;463;464;465;475;485;495;496;497;498
F32022,10,10,10,600.0032577939365,600.0,0.0032577939365410202,15,32,32,15,4.061359882354736,289;298;299;309;310;311;312;361;371;381;382;399;409;410;420;421;422;423;424;434;435;436;446;447;457;467;477;478;488;498;499;500
F32022,10,11,11,600.0072899620266,600.0,0.007289962026561625,15,25,25,15,3.728114604949951,271;272;273;294;295;305;306;316;317;364;365;375;394;395;405;406;423;433;443;453;467;477;487;497;498
F32022,10,12,12,600.0021145060057,600.0,0.002114506005682415,18,23,23,18,3.4804439544677734,263;281;328;340;341;351;374;384;385;395;405;415;425;435;445;455;465;466;467;468;478;488;498
F32022,10,13,13,600.002987707893,600.0,0.0029877078929985146,17,23,23,17,3.6093218326568604,252;269;295;340;364;365;378;388;398;408;409;419;429;430;431;441;451;461;471;481;491;492;493
F32022,10,14,14,600.0046313700003,600.0,0.004631370000311108,17,25,25,17,3.6115734577178955,293;316;326;343;344;354;364;365;366;378;379;380;381;391;401;411;421;422;432;442;459;469;479;492;493
F32022,10,15,15,600.0046944446173,600.0,0.004694444617257432,17,21,21,17,3.2805392742156982,253;314;326;342;352;380;390;400;401;411;412;413;414;424;434;444;454;464;474;484;494
F32022,10,16,16,600.0085580529013,600.0,0.008558052901321389,14,18,18,14,3.068450689315796,265;301;364;387;397;407;417;427;437;447;457;458;468;478;488;489;490;500
F32022,10,17,17,600.0481158946716,600.0,0.04811589467158228,8,17,17,8,2.956876516342163,236;237;254;255;265;298;311;312;344;345;346;347;436;446;447;463;493
F32022,10,18,18,600.0249823533,600.0,0.024982353299947135,14,20,20,14,3.3069889545440674,288;289;299;300;310;320;321;348;385;403;425;426;441;442;452;462;475;485;495;496
F32022,10,19,19,600.0094233249941,600.0,0.009423324994145332,13,14,14,13,2.77119779586792,264;285;310;320;342;365;408;418;434;435;462;472;483;499
F32022,10,20,20,600.0004087222057,600.0,0.0004087222057478357,14,29,29,14,3.8473353385925293,340;353;354;364;365;366;385;386;387;397;398;399;400;410;411;412;413;414;415;425;435;445;455;465;475;476;486;487;497
F32022,10,21,21,600.0075635889178,600.0,0.007563588917832931,16,26,26,16,3.646777868270874,303;305;335;336;337;338;348;358;359;360;373;374;384;394;395;396;406;416;426;436;446;447;457;467;485;495
F32022,10,22,22,600.0032119951227,600.0,0.00321199512268322,15,18,18,15,3.1030521392822266,281;282;292;350;370;382;388;400;410;420;430;440;450;451;461;476;486;496
F32022,10,23,23,600.0094888150087,600.0,0.009488815008694473,14,18,18,14,3.083691120147705,286;345;373;383;393;403;418;419;429;439;440;450;460;461;471;481;482;492
F32022,10,24,24,600.007855210681,600.0,0.007855210680986602,14,29,29,14,3.8967864513397217,265;285;296;297;298;299;300;312;381;382;383;393;403;404;405;415;416;426;436;437;447;448;458;459;469;479;489;499;500
F32022,10,25,25,600.0234901751709,600.0,0.023490175170877592,13,17,17,13,2.975999593734741,266;328;338;391;392;402;403;413;423;432;442;443;453;463;473;483;493
F32022,10,26,26,600.0157038499497,600.0,0.015703849949659343,12,47,47,12,5.148532152175903,272;305;306;307;308;309;339;349;350;360;371;387;403;404;405;415;416;417;427;428;429;439;440;441;442;443;444;445;446;456;457;458;468;478;479;480;481;482;483;484;485;486;487;497;498;499;500
F32022,10,27,27,600.0125486304687,600.0,0.01254863046870014,15,18,18,15,3.0672976970672607,265;275;319;329;344;359;374;418;419;429;439;449;462;472;473;483;484;494
F32022,10,28,28,600.0102206042725,600.0,0.010220604272490164,13,39,39,13,4.5901875495910645,329;330;345;355;356;357;358;359;369;370;371;372;373;374;375;376;377;392;402;403;413;414;415;416;417;418;419;420;421;431;441;451;452;453;463;464;479;488;499
F32022,10,29,29,600.0039994949707,600.0,0.003999494970685191,14,16,16,14,2.9098525047302246,254;320;330;384;394;404;414;424;434;444;445;446;456;466;476;491
F32022,10,30,30,600.004015103058,600.0,0.004015103058009117,17,32,32,17,4.0569679737091064,208;236;237;286;324;340;365;375;388;389;390;400;410;420;430;431;432;433;443;444;445;455;456;457;458;459;460;470;471;472;482;492
F42022,10,1,1,885.8677751386255,800.0,85.86777513862546,2,2,2,2,2.5279202461242676,436;449
F42022,10,2,2,845.6889508928077,800.0,45.688950892807725,1,1,1,1,2.492705821990967,499
F42022,10,3,3,844.2899429668363,800.0,44.28994296683629,1,1,1,1,2.4057605266571045,445
F42022,10,4,4,838.0000072810685,800.0,38.00000728106852,7,7,7,7,3.041609287261963,414;443;453;463;473;483;493
F42022,10,5,5,844.1404972115002,800.0,44.14049721150025,2,2,2,2,2.534454822540283,462;488
F42022,10,6,6,887.1871354973108,800.0,87.1871354973108,4,4,4,4,2.8935012817382812,441;451;467;500
F42022,10,7,7,876.635564778306,800.0,76.63556477830605,2,2,2,2,2.628591537475586,441;476
F42022,10,8,8,871.887041554663,800.0,71.88704155466303,1,1,1,1,2.453521490097046,465
F42022,10,9,9,853.244394953719,800.0,53.24439495371905,1,1,1,1,2.407916307449341,446
F42022,10,10,10,911.3323863766008,800.0,111.33238637660077,1,2,2,1,2.5305919647216797,430;431
F42022,10,11,11,844.0019267450718,800.0,44.00192674507184,2,2,2,2,2.576043128967285,447;478
F42022,10,12,12,838.0,800.0,38.0,11,11,11,11,3.4718873500823975,384;403;414;424;434;444;454;464;474;484;494
F42022,10,13,13,844.5034822697071,800.0,44.50348226970709,1,1,1,1,2.416260004043579,495
F42022,10,14,14,872.0964454598612,800.0,72.09644545986123,0,0,0,0,2.313809394836426,
F42022,10,15,15,882.8399658566615,800.0,82.83996585666148,3,3,3,3,2.6092915534973145,438;460;476
F42022,10,16,16,844.6299632644129,800.0,44.629963264412936,2,3,3,2,2.6104438304901123,449;469;470
F42022,10,17,17,838.0,800.0,38.0,10,10,10,10,3.3251993656158447,396;409;419;430;442;452;462;472;482;492
F42022,10,18,18,844.2904730217483,800.0,44.29047302174831,4,4,4,4,2.741281270980835,424;465;475;485
F42022,10,19,19,886.413115356981,800.0,86.41311535698105,1,1,1,1,2.404284954071045,469
F42022,10,20,20,838.1008406442104,800.0,38.10084064421039,5,7,7,5,3.014052629470825,437;467;477;478;479;489;499
F42022,10,21,21,856.2039223122111,800.0,56.20392231221115,1,1,1,1,2.5239083766937256,454
F42022,10,22,22,903.1530316037989,800.0,103.15303160379892,1,1,1,1,2.4122273921966553,488
F42022,10,23,23,900.5000000000001,800.0,100.50000000000011,11,12,12,11,3.6231651306152344,380;390;410;420;430;440;441;451;461;471;481;491
F42022,10,24,24,838.000000000009,800.0,38.00000000000898,11,12,12,11,3.665684938430786,384;400;410;420;421;431;441;451;461;471;481;491
F42022,10,25,25,834.0471251753133,800.0,34.04712517531334,4,4,4,4,2.787245273590088,382;473;483;498
F42022,10,26,26,863.396776053451,800.0,63.39677605345105,1,2,2,1,2.631488561630249,443;461
F42022,10,27,27,836.0073485750238,800.0,36.0073485750238,8,8,8,8,3.2575387954711914,425;435;445;455;465;475;485;495
F42022,10,28,28,838.0003399742611,800.0,38.000339974261124,4,4,4,4,3.129725694656372,416;466;478;498
F42022,10,29,29,889.3206081742655,800.0,89.32060817426554,2,3,3,2,2.978891372680664,481;482;492
F42022,10,30,30,859.9529847838036,800.0,59.95298478380357,1,1,1,1,4.192266464233398,490
F52022,10,1,1,901.7529492573367,900.0,1.7529492573366952,6,11,11,6,2.6979684829711914,350;371;372;425;426;442;460;461;462;481;491
F52022,10,2,2,900.3120929676829,900.0,0.31209296768292916,12,13,13,12,2.9159209728240967,357;368;380;398;414;427;443;453;463;473;483;484;494
F52022,10,3,3,901.1164127250304,900.0,1.1164127250303864,7,15,15,7,2.8510468006134033,363;370;371;372;373;374;384;410;420;458;459;460;478;479;491
F52022,10,4,4,900.4495908733559,900.0,0.44959087335587355,14,20,20,14,2.8003334999084473,336;358;368;384;394;404;405;421;431;441;451;461;462;463;464;465;466;476;486;496
F52022,10,5,5,900.4830628109361,900.0,0.48306281093607595,14,23,23,14,2.697622060775757,322;338;348;373;389;390;400;414;424;425;435;436;437;447;457;467;468;469;470;480;490;491;492
F52022,10,6,6,900.7499746627008,900.0,0.7499746627007653,8,12,12,8,2.0467751026153564,342;360;361;435;445;462;463;473;474;475;487;497
F52022,10,7,7,900.2050032535866,900.0,0.20500325358659666,8,13,13,8,2.1239469051361084,352;407;436;437;447;457;458;459;460;470;480;481;491
F52022,10,8,8,900.6943984851086,900.0,0.6943984851086498,6,12,12,6,2.0461435317993164,340;341;342;352;409;443;465;478;479;489;490;491
F52022,10,9,9,902.0232610452591,900.0,2.023261045259119,4,11,11,4,2.001201868057251,349;444;445;446;447;448;449;474;475;485;495
F52022,10,10,10,900.7036261407034,900.0,0.7036261407033635,5,13,13,5,2.1094541549682617,278;358;359;360;429;439;440;441;442;461;462;473;488
F52022,10,11,11,901.7251909890006,900.0,1.7251909890005663,7,15,15,7,2.2098329067230225,339;364;365;366;418;438;439;440;441;442;443;457;458;478;488
F52022,10,12,12,900.8587829325483,900.0,0.8587829325482517,11,16,16,11,2.319404125213623,351;363;364;392;402;403;416;429;439;440;450;460;479;489;490;491
F52022,10,13,13,901.7302198866838,900.0,1.7302198866838125,7,14,14,7,2.161102771759033,335;336;346;439;449;450;464;465;475;476;477;487;488;489
F52022,10,14,14,900.8667549922794,900.0,0.8667549922794251,2,7,7,2,1.7394685745239258,343;355;356;357;498;499;500
F52022,10,15,15,901.5285686263531,900.0,1.5285686263531488,8,12,12,8,2.0584142208099365,287;420;421;431;448;449;463;473;474;488;489;499
F52022,10,16,16,901.8022516504734,900.0,1.8022516504734085,5,14,14,5,2.1616060733795166,337;351;352;458;459;460;473;474;475;476;477;478;488;498
F52022,10,17,17,901.1289097072006,900.0,1.1289097072005916,7,11,11,7,1.9875366687774658,335;336;337;347;438;450;465;466;467;480;490
F52022,10,18,18,900.8573754165677,900.0,0.8573754165677201,5,10,10,5,1.9331111907958984,350;439;440;450;466;467;477;478;479;480
F52022,10,19,19,900.8948851765657,900.0,0.8948851765657082,9,17,17,9,2.3294005393981934,346;363;373;399;415;416;433;434;435;436;437;447;460;478;479;480;494
F52022,10,20,20,900.3937921685941,900.0,0.3937921685941319,4,21,21,4,2.592029571533203,351;369;422;456;457;467;477;487;488;489;490;491;492;493;494;495;496;497;498;499;500
F52022,10,21,21,900.6092000012038,900.0,0.609200001203817,5,11,11,5,2.054439067840576,338;347;448;449;470;471;481;491;492;493;494
F52022,10,22,22,901.6827675208996,900.0,1.6827675208995743,7,15,15,7,2.251702070236206,280;345;359;360;361;362;426;427;428;446;463;481;482;483;493
F52022,10,23,23,901.3357782724325,900.0,1.3357782724325489,6,16,16,6,2.3345768451690674,352;363;364;365;366;443;444;445;446;459;469;470;485;486;487;488
F52022,10,24,24,900.4509741679299,900.0,0.45097416792987133,13,14,14,13,2.2245235443115234,347;357;375;393;403;413;428;439;454;464;465;475;485;495
F52022,10,25,25,901.0528823451696,900.0,1.0528823451695644,7,18,18,7,2.492586612701416,376;386;387;388;389;390;391;414;415;416;433;434;444;464;477;478;479;480
F52022,10,26,26,900.8377512907618,900.0,0.8377512907618438,8,17,17,8,2.5177907943725586,328;367;368;398;417;437;438;455;456;457;467;477;478;488;489;499;500
F52022,10,27,27,901.6438671066499,900.0,1.64386710664985,13,15,15,13,2.2461025714874268,286;377;387;397;409;410;424;434;444;454;468;478;488;489;499
F52022,10,28,28,900.4726325076056,900.0,0.4726325076055673,7,14,14,7,2.4539830684661865,302;378;379;380;396;397;427;439;440;471;472;482;492;493
F52022,10,29,29,900.6788106821425,900.0,0.6788106821425117,6,11,11,6,2.0716569423675537,329;330;411;430;440;441;461;462;472;482;483
F52022,10,30,30,901.5859635353878,900.0,1.5859635353878048,7,14,14,7,2.7448678016662598,350;378;379;380;432;433;434;448;449;472;473;474;484;494
F62022,10,1,1,18111.301650262525,1800.0,16311.301650262525,1,1,1,1,1.9620203971862793,497
F62022,10,2,2,17995.653309829897,1800.0,16195.653309829897,0,0,0,0,2.029963254928589,
F62022,10,3,3,18111.478910229667,1800.0,16311.478910229667,1,3,3,1,2.704385995864868,495;496;497
F62022,10,4,4,18113.272541753617,1800.0,16313.272541753617,1,1,1,1,1.8476653099060059,497
F62022,10,5,5,18112.013679700063,1800.0,16312.013679700063,0,0,0,0,1.7398624420166016,
F62022,10,6,6,18147.957192608403,1800.0,16347.957192608403,0,0,0,0,1.9803755283355713,
F62022,10,7,7,18193.45354299867,1800.0,16393.45354299867,0,0,0,0,1.8683655261993408,
F62022,10,8,8,18111.103249619475,1800.0,16311.103249619475,0,0,0,0,1.9409945011138916,
F62022,10,9,9,18111.443161250212,1800.0,16311.443161250212,0,1,1,0,1.7900307178497314,500
F62022,10,10,10,13766.492145572369,1800.0,11966.492145572369,0,0,0,0,1.804732084274292,
F62022,10,11,11,13790.0476226146,1800.0,11990.0476226146,0,0,0,0,1.5962960720062256,
F62022,10,12,12,18112.55524608841,1800.0,16312.55524608841,0,0,0,0,1.6827387809753418,
F62022,10,13,13,16396.67993278087,1800.0,14596.67993278087,0,1,1,0,1.7240324020385742,500
F62022,10,14,14,18111.694403339374,1800.0,16311.694403339374,1,1,1,1,1.6282246112823486,491
F62022,10,15,15,18113.652023383347,1800.0,16313.652023383347,0,0,0,0,1.587480068206787,
F62022,10,16,16,18116.544708947233,1800.0,16316.544708947233,0,0,0,0,1.5934510231018066,
F62022,10,17,17,18082.263702498236,1800.0,16282.263702498236,0,0,0,0,1.5909197330474854,
F62022,10,18,18,18111.271218638314,1800.0,16311.271218638314,1,3,3,1,1.9759361743927002,489;499;500
F62022,10,19,19,18113.470623064444,1800.0,16313.470623064444,0,0,0,0,1.6366870403289795,
F62022,10,20,20,13870.22137368617,1800.0,12070.22137368617,0,0,0,0,1.773268461227417,
F62022,10,21,21,13918.64198390866,1800.0,12118.64198390866,0,0,0,0,1.640479326248169,
F62022,10,22,22,18160.368606634092,1800.0,16360.368606634092,0,0,0,0,1.884871244430542,
F62022,10,23,23,18199.783186899927,1800.0,16399.783186899927,0,0,0,0,1.6700897216796875,
F62022,10,24,24,18111.44746596822,1800.0,16311.44746596822,1,2,2,1,1.8756115436553955,497;498
F62022,10,25,25,18872.054925855067,1800.0,17072.054925855067,0,0,0,0,1.6615078449249268,
F62022,10,26,26,13773.09673103783,1800.0,11973.09673103783,0,1,1,0,1.668830156326294,500
F62022,10,27,27,14153.628513591273,1800.0,12353.628513591273,0,0,0,0,1.8415677547454834,
F62022,10,28,28,18112.64090371187,1800.0,16312.640903711868,0,0,0,0,1.7556991577148438,
F62022,10,29,29,18112.30449723622,1800.0,16312.304497236219,1,1,1,1,1.8819596767425537,498
F62022,10,30,30,17417.046162162624,1800.0,15617.046162162624,0,0,0,0,1.6970088481903076,
F72022,10,1,1,2380.4969158638223,2000.0,380.4969158638223,0,0,0,0,8.293972730636597,
F72022,10,2,2,2335.9785679765905,2000.0,335.9785679765905,1,3,3,1,9.144311666488647,482;494;495
F72022,10,3,3,2413.0412904114955,2000.0,413.04129041149554,2,2,2,2,9.388635396957397,490;500
F72022,10,4,4,2338.1615102653327,2000.0,338.1615102653327,1,1,1,1,12.417834281921387,465
F72022,10,5,5,2348.0157087326984,2000.0,348.0157087326984,2,2,2,2,10.676826238632202,461;482
F72022,10,6,6,2461.1343023608188,2000.0,461.13430236081877,0,0,0,0,8.856981754302979,
F72022,10,7,7,2258.9164788882595,2000.0,258.91647888825946,1,2,2,1,9.794844627380371,478;479
F72022,10,8,8,2336.507072103532,2000.0,336.5070721035322,2,3,3,2,11.109198331832886,464;465;497
F72022,10,9,9,2345.476154099346,2000.0,345.4761540993459,1,4,4,1,11.640602111816406,480;481;482;483
F72022,10,10,10,2334.585168205503,2000.0,334.5851682055031,1,2,2,1,10.111772060394287,488;489
F72022,10,11,11,2187.9224125215997,2000.0,187.92241252159965,0,1,1,0,8.729710578918457,500
F72022,10,12,12,2343.4515054407875,2000.0,343.4515054407875,1,1,1,1,8.247047424316406,490
F72022,10,13,13,2347.7244415090418,2000.0,347.72444150904175,1,2,2,1,8.628922700881958,490;491
F72022,10,14,14,2363.835550849699,2000.0,363.83555084969885,1,1,1,1,8.19795036315918,490
F72022,10,15,15,2351.1101413716283,2000.0,351.1101413716283,1,2,2,1,8.642417669296265,480;481
F72022,10,16,16,2332.9356338884795,2000.0,332.9356338884795,1,1,1,1,8.26553225517273,485
F72022,10,17,17,2341.7901174878066,2000.0,341.7901174878066,1,1,1,1,8.283856630325317,491
F72022,10,18,18,2319.1889593004935,2000.0,319.1889593004935,1,1,1,1,8.24842643737793,488
F72022,10,19,19,2348.6777615642895,2000.0,348.67776156428954,1,1,1,1,8.999578714370728,491
F72022,10,20,20,2337.045235465402,2000.0,337.04523546540213,1,4,4,1,11.978820085525513,486;487;488;489
F72022,10,21,21,2261.484473916783,2000.0,261.4844739167829,1,1,1,1,12.708481073379517,458
F72022,10,22,22,2328.2086508730067,2000.0,328.2086508730067,2,2,2,2,8.82470703125,464;492
F72022,10,23,23,2339.2105088755266,2000.0,339.21050887552656,1,2,2,1,8.709871292114258,493;494
F72022,10,24,24,2332.7502868130414,2000.0,332.7502868130414,1,1,1,1,8.619887828826904,490
F72022,10,25,25,2381.420636450143,2000.0,381.42063645014287,0,0,0,0,7.849549055099487,
F72022,10,26,26,2382.155995483665,2000.0,382.1559954836648,0,0,0,0,7.761745452880859,
F72022,10,27,27,2340.030631303411,2000.0,340.03063130341116,1,3,3,1,8.897950410842896,483;484;485
F72022,10,28,28,2339.972677000216,2000.0,339.9726770002162,1,1,1,1,11.115437984466553,462
F72022,10,29,29,2359.1629795858876,2000.0,359.16297958588757,1,1,1,1,10.403180599212646,487
F72022,10,30,30,2336.1261444321653,2000.0,336.12614443216535,2,4,4,2,11.193806409835815,458;459;492;493
F82022,10,1,1,4005.584494538138,2200.0,1805.5844945381382,0,19,19,0,22.715115308761597,482;483;484;485;486;487;488;489;490;491;492;493;494;495;496;497;498;499;500
F82022,10,2,2,3974.3729915435542,2200.0,1774.3729915435542,1,2,2,1,11.297195434570312,491;492
F82022,10,3,3,4005.4864464912907,2200.0,1805.4864464912907,0,5,5,0,12.961185455322266,496;497;498;499;500
F82022,10,4,4,3934.097890320629,2200.0,1734.0978903206292,1,13,13,1,18.080365896224976,487;488;489;490;491;492;493;494;495;496;497;498;499
F82022,10,5,5,3919.352868764234,2200.0,1719.3528687642338,1,9,9,1,14.760510683059692,483;484;485;486;487;488;489;490;491
F82022,10,6,6,3923.3642629886676,2200.0,1723.3642629886676,1,3,3,1,12.396583557128906,481;482;483
F82022,10,7,7,6852720842.689178,2200.0,6852718642.689178,0,0,0,0,11.222461462020874,
F82022,10,8,8,3921.7850428452884,2200.0,1721.7850428452884,2,2,2,2,13.352508783340454,485;499
F82022,10,9,9,3958.0743512149484,2200.0,1758.0743512149484,1,2,2,1,12.508970499038696,486;487
F82022,10,10,10,3908.7907344389996,2200.0,1708.7907344389996,1,7,7,1,14.548190355300903,492;493;494;495;496;497;498
F82022,10,11,11,3880.8096403227996,2200.0,1680.8096403227996,1,5,5,1,13.269036531448364,480;481;482;483;484
F82022,10,12,12,4005.8698524752995,2200.0,1805.8698524752995,0,3,3,0,12.532720804214478,483;484;500
F82022,10,13,13,4005.70458081389,2200.0,1805.70458081389,0,2,2,0,11.824874639511108,487;500
F82022,10,14,14,3950.143214479931,2200.0,1750.143214479931,1,6,6,1,16.174029111862183,483;484;485;498;499;500
F82022,10,15,15,4004.162033569936,2200.0,1804.1620335699358,0,2,2,0,14.150547504425049,498;499
F82022,10,16,16,3921.8252711724294,2200.0,1721.8252711724294,1,1,1,1,12.019722938537598,483
F82022,10,17,17,6851980322.07926,2200.0,6851978122.07926,0,0,0,0,10.942023515701294,
F82022,10,18,18,6852066937.65364,2200.0,6852064737.65364,0,0,0,0,12.674698829650879,
F82022,10,19,19,3956.9894267949885,2200.0,1756.9894267949885,1,6,6,1,14.605526447296143,484;485;486;487;488;489
F82022,10,20,20,6853883884.627235,2200.0,6853881684.627235,0,0,0,0,11.104075908660889,
F82022,10,21,21,3938.893404380591,2200.0,1738.8934043805912,1,2,2,1,11.81527066230774,481;485
F82022,10,22,22,6853117182.368476,2200.0,6853114982.368476,0,0,0,0,10.728012561798096,
F82022,10,23,23,3923.9832842130045,2200.0,1723.9832842130045,1,3,3,1,12.428862810134888,494;495;496
F82022,10,24,24,3981.572718858616,2200.0,1781.572718858616,0,1,1,0,11.735923290252686,497
F82022,10,25,25,3937.842745693333,2200.0,1737.8427456933332,1,3,3,1,13.525034189224243,476;477;478
F82022,10,26,26,3939.939343535513,2200.0,1739.9393435355132,1,5,5,1,14.163978576660156,485;486;487;488;489
F82022,10,27,27,3948.671740897341,2200.0,1748.671740897341,1,1,1,1,11.616135358810425,476
F82022,10,28,28,3949.520296675575,2200.0,1749.520296675575,1,4,4,1,15.931735754013062,496;497;498;499
F82022,10,29,29,3949.2304560181283,2200.0,1749.2304560181283,1,4,4,1,13.527818202972412,482;483;484;500
F82022,10,30,30,3915.2928684236067,2200.0,1715.2928684236067,1,2,2,1,12.267644882202148,489;490
F92022,10,1,1,2940.8111745636843,2300.0,640.8111745636843,2,4,4,2,4.217402935028076,433;484;485;486
F92022,10,2,2,2746.6138148872315,2300.0,446.61381488723146,2,2,2,2,3.83526611328125,486;496
F92022,10,3,3,2966.545963366498,2300.0,666.5459633664982,3,5,5,3,4.894188642501831,478;479;489;490;500
F92022,10,4,4,2970.665667015905,2300.0,670.665667015905,1,1,1,1,3.6090304851531982,498
F92022,10,5,5,3204.4147809145325,2300.0,904.4147809145325,0,1,1,0,3.592075824737549,466
F92022,10,6,6,3398.3673046561103,2300.0,1098.3673046561103,1,1,1,1,3.9052395820617676,467
F92022,10,7,7,2333.432659933169,2300.0,33.43265993316891,2,2,2,2,4.2734832763671875,475;487
F92022,10,8,8,2591.7815756559544,2300.0,291.7815756559544,2,2,2,2,4.1286163330078125,453;484
F92022,10,9,9,3137.5266560717864,2300.0,837.5266560717864,3,3,3,3,3.9600486755371094,480;490;500
F92022,10,10,10,2871.3718744890703,2300.0,571.3718744890703,1,1,1,1,4.058098077774048,490
F92022,10,11,11,2940.0513947035115,2300.0,640.0513947035115,2,3,3,2,3.946190357208252,477;491;492
F92022,10,12,12,2964.4089889875104,2300.0,664.4089889875104,3,3,3,3,4.116020679473877,468;490;500
F92022,10,13,13,2868.2218769504293,2300.0,568.2218769504293,1,2,2,1,4.572453022003174,491;492
F92022,10,14,14,2830.5174936016,2300.0,530.5174936016001,1,2,2,1,4.6385040283203125,486;487
F92022,10,15,15,2969.9823169236365,2300.0,669.9823169236365,1,1,1,1,4.67358922958374,489
F92022,10,16,16,2832.560726529834,2300.0,532.560726529834,0,0,0,0,3.559969425201416,
F92022,10,17,17,2932.4950102954153,2300.0,632.4950102954153,1,1,1,1,3.7930147647857666,464
F92022,10,18,18,2927.400924576581,2300.0,627.400924576581,2,2,2,2,3.9551284313201904,437;494
F92022,10,19,19,2838.0603455458095,2300.0,538.0603455458095,3,4,4,3,6.014442443847656,472;485;486;496
F92022,10,20,20,2688.7559658081786,2300.0,388.75596580817864,1,1,1,1,3.975623369216919,435
F92022,10,21,21,2973.027876706325,2300.0,673.0278767063251,2,2,2,2,4.084270477294922,455;479
F92022,10,22,22,3168.7342814023395,2300.0,868.7342814023395,2,4,4,2,5.2198991775512695,467;486;487;488
F92022,10,23,23,2679.148257156651,2300.0,379.1482571566512,1,2,2,1,4.294609546661377,439;440
F92022,10,24,24,2958.1538849859885,2300.0,658.1538849859885,2,2,2,2,4.833953142166138,455;477
F92022,10,25,25,2942.2519788578447,2300.0,642.2519788578447,2,2,2,2,4.479859352111816,455;491
F92022,10,26,26,2777.5940485341425,2300.0,477.59404853414253,0,0,0,0,5.1200110912323,
F92022,10,27,27,2822.7386627124697,2300.0,522.7386627124697,2,2,2,2,6.662050485610962,467;485
F92022,10,28,28,2637.2385552300934,2300.0,337.2385552300934,1,1,1,1,8.197646856307983,449
F92022,10,29,29,2951.5110178755117,2300.0,651.5110178755117,0,1,1,0,5.027504920959473,492
F92022,10,30,30,2529.3868658143497,2300.0,229.38686581434968,1,9,9,1,5.4938576221466064,471;477;479;480;481;482;483;499;500
F102022,10,1,1,2813.5715278982975,2400.0,413.5715278982975,0,0,0,0,3.9585936069488525,
F102022,10,2,2,2659.6658193034264,2400.0,259.66581930342636,0,0,0,0,4.55314040184021,
F102022,10,3,3,2804.417274269554,2400.0,404.4172742695541,1,2,2,1,5.9791200160980225,482;492
F102022,10,4,4,2739.312926192036,2400.0,339.3129261920358,2,3,3,2,5.348097324371338,437;490;491
F102022,10,5,5,2690.318837268298,2400.0,290.318837268298,2,2,2,2,4.852460861206055,476;486
F102022,10,6,6,2786.268184190844,2400.0,386.26818419084384,1,1,1,1,3.8637099266052246,439
F102022,10,7,7,2670.349634585869,2400.0,270.3496345858689,1,1,1,1,3.7364776134490967,476
F102022,10,8,8,2800.8780305213713,2400.0,400.87803052137133,2,2,2,2,3.8581390380859375,431;498
F102022,10,9,9,2790.5908236147343,2400.0,390.5908236147343,1,1,1,1,3.7665703296661377,479
F102022,10,10,10,2686.7510534324238,2400.0,286.75105343242376,0,0,0,0,3.5819551944732666,
F102022,10,11,11,2823.9096186982656,2400.0,423.9096186982656,2,2,2,2,4.656671762466431,430;479
F102022,10,12,12,2744.984740927805,2400.0,344.984740927805,2,2,2,2,3.9201202392578125,461;498
F102022,10,13,13,2704.2921982270486,2400.0,304.29219822704863,0,0,0,0,4.12667179107666,
F102022,10,14,14,2757.043028853356,2400.0,357.0430288533562,2,5,5,2,4.740626096725464,447;487;488;489;490
F102022,10,15,15,2803.213117354291,2400.0,403.21311735429117,2,2,2,2,4.826195478439331,433;479
F102022,10,16,16,2785.880785823832,2400.0,385.88078582383196,3,3,3,3,4.359100580215454,436;480;497
F102022,10,17,17,2860.048498419741,2400.0,460.048498419741,2,4,4,2,4.308770179748535,435;436;437;478
F102022,10,18,18,2598.858103617608,2400.0,198.85810361760787,1,1,1,1,3.7869224548339844,488
F102022,10,19,19,2670.014816791602,2400.0,270.0148167916018,4,6,6,4,4.812566041946411,433;451;466;467;468;480
F102022,10,20,20,2748.330414832062,2400.0,348.33041483206216,3,5,5,3,5.47570538520813,426;427;485;499;500
F102022,10,21,21,2762.4530240436598,2400.0,362.45302404365975,2,2,2,2,4.2806689739227295,430;479
F102022,10,22,22,2808.9605483659125,2400.0,408.9605483659125,2,4,4,2,4.207682132720947,427;490;491;492
F102022,10,23,23,2663.807099292137,2400.0,263.8070992921371,0,0,0,0,3.5489797592163086,
F102022,10,24,24,2775.670748948668,2400.0,375.670748948668,2,2,2,2,4.107480525970459,414;481
F102022,10,25,25,2674.7920023557836,2400.0,274.79200235578355,1,1,1,1,4.19899845123291,480
F102022,10,26,26,2758.7278515759026,2400.0,358.7278515759026,2,4,4,2,4.609499454498291,428;429;430;482
F102022,10,27,27,2752.593291357653,2400.0,352.593291357653,2,2,2,2,4.180226564407349,456;483
F102022,10,28,28,3665.312404104705,2400.0,1265.312404104705,1,1,1,1,3.941929340362549,439
F102022,10,29,29,2746.3048889026186,2400.0,346.3048889026186,1,1,1,1,3.800133466720581,458
F102022,10,30,30,2367.75633743577,2400.0,-32.24366256422991,1,1,1,1,3.9403939247131348,474
F112022,10,1,1,2823.009598445105,2600.0,223.00959844510498,2,8,8,2,7.818720817565918,418;419;420;421;434;435;436;482
F112022,10,2,2,2926.060219364097,2600.0,326.06021936409707,1,3,3,1,7.267992258071899,448;449;450
F112022,10,3,3,2965.7145279529886,2600.0,365.71452795298865,1,12,12,1,9.365783452987671,477;478;479;480;481;482;493;494;495;496;497;498
F112022,10,4,4,2904.5124354849513,2600.0,304.5124354849513,1,2,2,1,6.518126010894775,479;480
F112022,10,5,5,2881.298602462045,2600.0,281.298602462045,3,5,5,3,7.400413751602173,469;470;471;481;500
F112022,10,6,6,2713.160783897075,2600.0,113.16078389707491,0,0,0,0,6.234330177307129,
F112022,10,7,7,2663.025254184789,2600.0,63.02525418478899,2,7,7,2,8.84041714668274,465;466;467;468;478;479;496
F112022,10,8,8,2668.886137112064,2600.0,68.8861371120638,0,1,1,0,6.487761497497559,470
F112022,10,9,9,2664.0960909116047,2600.0,64.09609091160473,3,7,7,3,7.6554951667785645,432;467;477;487;488;489;490
F112022,10,10,10,2722.236167090611,2600.0,122.23616709061116,2,7,7,2,8.750062704086304,450;451;452;453;470;471;472
F112022,10,11,11,2756.9056370991266,2600.0,156.90563709912658,2,6,6,2,7.7905848026275635,446;479;480;481;482;483
F112022,10,12,12,2995.601880080207,2600.0,395.60188008020714,0,0,0,0,6.275475740432739,
F112022,10,13,13,2940.4305357999415,2600.0,340.4305357999415,1,3,3,1,7.1613686084747314,484;485;486
F112022,10,14,14,2649.0995630667885,2600.0,49.099563066788505,0,6,6,0,7.5477375984191895,490;491;492;493;494;495
F112022,10,15,15,2880.918548844068,2600.0,280.918548844068,1,9,9,1,8.400036334991455,467;468;469;470;471;472;473;474;475
F112022,10,16,16,2735.194470398039,2600.0,135.1944703980389,3,9,9,3,9.216079711914062,450;451;452;475;490;491;492;493;494
F112022,10,17,17,2680.5105811575613,2600.0,80.51058115756132,3,6,6,3,8.652300596237183,447;448;477;490;491;492
F112022,10,18,18,2721.9074895190547,2600.0,121.9074895190547,3,8,8,3,8.634869575500488,459;476;486;487;488;489;490;500
F112022,10,19,19,2761.6654552590635,2600.0,161.6654552590635,3,10,10,3,8.9698486328125,443;444;454;455;456;475;476;486;487;488
F112022,10,20,20,2727.167238256068,2600.0,127.16723825606778,1,17,17,1,10.445498943328857,468;478;479;480;481;482;483;484;485;486;487;488;489;490;491;492;493
F112022,10,21,21,2723.7511459471984,2600.0,123.75114594719844,1,3,3,1,6.94618558883667,484;494;495
F112022,10,22,22,2707.263432677764,2600.0,107.26343267776383,2,8,8,2,7.853500843048096,465;466;467;468;469;470;471;482
F112022,10,23,23,2741.0548732900365,2600.0,141.05487329003654,1,14,14,1,10.269537687301636,448;449;450;451;452;453;454;455;456;457;458;459;460;461
F112022,10,24,24,2760.2475128386905,2600.0,160.24751283869045,1,3,3,1,9.111867904663086,475;476;477
F112022,10,25,25,2674.097009967093,2600.0,74.09700996709307,2,5,5,2,8.885535717010498,441;442;443;493;494
F112022,10,26,26,2997.7621991525693,2600.0,397.76219915256934,1,7,7,1,9.157074451446533,433;434;435;436;437;438;439
F112022,10,27,27,2618.5523647822006,2600.0,18.552364782200584,3,8,8,3,11.119577884674072,457;472;473;474;475;476;488;489
F112022,10,28,28,2719.3431271370414,2600.0,119.34312713704139,2,4,4,2,8.033582210540771,459;460;492;493
F112022,10,29,29,2726.9518727878253,2600.0,126.95187278782532,2,7,7,2,7.474743366241455,456;457;458;459;460;488;489
F112022,10,30,30,2617.28859762457,2600.0,17.288597624569775,0,8,8,0,8.408962726593018,440;462;463;464;493;494;495;496
F122022,10,1,1,3083.416078316557,2700.0,383.4160783165571,1,1,1,1,7.0614094734191895,465
F122022,10,2,2,3147.868668397488,2700.0,447.8686683974879,0,0,0,0,6.275459289550781,
F122022,10,3,3,3499.975202383456,2700.0,799.9752023834558,2,2,2,2,6.317194938659668,418;490
F122022,10,4,4,3283.844449326126,2700.0,583.8444493261259,0,0,0,0,5.827145576477051,
F122022,10,5,5,2986.795128136426,2700.0,286.7951281364258,0,0,0,0,5.9911088943481445,
F122022,10,6,6,3167.0417931019583,2700.0,467.0417931019583,1,1,1,1,6.145551681518555,492
F122022,10,7,7,3461.320743260887,2700.0,761.320743260887,2,2,2,2,6.410151481628418,459;486
F122022,10,8,8,3034.9390969677743,2700.0,334.9390969677743,1,1,1,1,6.059339284896851,477
F122022,10,9,9,3087.0241744598407,2700.0,387.02417445984065,3,3,3,3,6.629212379455566,453;479;489
F122022,10,10,10,3271.086845243327,2700.0,571.0868452433269,0,0,0,0,5.641774892807007,
F122022,10,11,11,3084.095399528083,2700.0,384.0953995280829,1,2,2,1,6.084484577178955,499;500
F122022,10,12,12,3207.8455483365715,2700.0,507.8455483365715,2,2,2,2,6.694289684295654,468;478
F122022,10,13,13,3061.724307714554,2700.0,361.724307714554,1,4,4,1,8.010680913925171,488;489;490;491
F122022,10,14,14,3258.8264813187525,2700.0,558.8264813187525,2,2,2,2,8.651403903961182,481;495
F122022,10,15,15,3030.6135130443963,2700.0,330.6135130443963,2,2,2,2,6.426398038864136,470;480
F122022,10,16,16,3213.4062496153206,2700.0,513.4062496153206,1,1,1,1,6.239826202392578,495
F122022,10,17,17,3524.80438073583,2700.0,824.8043807358299,2,3,3,2,6.6427061557769775,477;487;488
F122022,10,18,18,3008.0829624016906,2700.0,308.08296240169057,1,1,1,1,6.09415340423584,468
F122022,10,19,19,3166.93835736473,2700.0,466.9383573647301,2,2,2,2,6.280473947525024,475;492
F122022,10,20,20,3135.6178000016134,2700.0,435.61780000161343,0,0,0,0,5.613657236099243,
F122022,10,21,21,3073.4380176130085,2700.0,373.43801761300847,2,3,3,2,6.658360719680786,483;493;494
F122022,10,22,22,3207.4088329224555,2700.0,507.40883292245553,1,1,1,1,5.966888666152954,433
F122022,10,23,23,3040.043405566317,2700.0,340.0434055663168,2,3,3,2,6.533681631088257,474;475;489
F122022,10,24,24,3230.0853704235087,2700.0,530.0853704235087,3,3,3,3,6.8514275550842285,433;482;492
F122022,10,25,25,2994.9839018763505,2700.0,294.9839018763505,2,2,2,2,6.3652331829071045,478;497
F122022,10,26,26,3109.043925652408,2700.0,409.0439256524078,1,2,2,1,6.325334072113037,490;491
F122022,10,27,27,3006.4081177964995,2700.0,306.4081177964995,2,3,3,2,7.356266021728516,480;490;491
F122022,10,28,28,3162.69476839001,2700.0,462.6947683900098,1,1,1,1,6.717160224914551,483
F122022,10,29,29,3074.408025143254,2700.0,374.4080251432538,2,2,2,2,6.529223203659058,453;491
F122022,10,30,30,3546.3843202330063,2700.0,846.3843202330063,2,2,2,2,6.692213296890259,473;489
