run_id,timestamp,function_name,dimension,iteration,fe,best_fitness,last_improvement_fe,sfes,min_sfes,stagnated,improved,event,run_number
run-2026-06-14-02-51-56,2026-06-14T02:51:56Z,M01.json,50,1,50,234776.2905461476,50,0,80,0,1,none,1
run-2026-06-14-02-51-56,2026-06-14T02:51:56Z,M01.json,50,2,80,87033.05714768167,80,0,80,0,1,none,1
run-2026-06-14-02-51-56,2026-06-14T02:51:56Z,M01.json,50,3,110,19578.06736444945,110,0,80,0,1,none,1
run-2026-06-14-02-51-56,2026-06-14T02:51:56Z,M01.json,50,4,140,19578.06736444945,110,30,80,0,0,none,1
run-2026-06-14-02-51-56,2026-06-14T02:51:56Z,M01.json,50,5,170,19578.06736444945,110,60,80,0,0,none,1
run-2026-06-14-02-51-56,2026-06-14T02:51:56Z,M01.json,50,6,200,19578.06736444945,110,90,80,1,0,stagnation_start,1
run-2026-06-14-02-51-56,2026-06-14T02:51:56Z,M01.json,50,7,232,19567.253150846867,232,0,80,0,1,recovered,1
run-2026-06-14-02-51-56,2026-06-14T02:51:56Z,M01.json,50,8,262,19560.36833867987,262,0,80,0,1,none,1
run-2026-06-14-02-51-56,2026-06-14T02:51:56Z,M01.json,50,9,292,19560.36833867987,262,30,80,0,0,none,1
run-2026-06-14-02-51-56,2026-06-14T02:51:56Z,M01.json,50,10,322,19560.36833867987,262,60,80,0,0,none,1
run-2026-06-14-02-51-56,2026-06-14T02:51:56Z,M01.json,50,11,352,19560.36833867987,262,90,80,1,0,stagnation_start,1
run-2026-06-14-02-51-56,2026-06-14T02:51:56Z,M01.json,50,12,384,19560.36833867987,262,122,80,1,0,none,1
run-2026-06-14-02-51-56,2026-06-14T02:51:56Z,M01.json,50,13,414,19560.36833867987,262,152,80,1,0,none,1
run-2026-06-14-02-51-56,2026-06-14T02:51:56Z,M01.json,50,14,444,19560.36833867987,262,182,80,1,0,none,1
run-2026-06-14-02-51-56,2026-06-14T02:51:56Z,M01.json,50,15,474,19560.36833867987,262,212,80,1,0,none,1
run-2026-06-14-02-51-56,2026-06-14T02:51:56Z,M01.json,50,16,504,19560.36833867987,262,242,80,1,0,none,1
run-2026-06-14-02-51-56,2026-06-14T02:51:56Z,M01.json,50,17,534,19560.36833867987,262,272,80,1,0,none,1
run-2026-06-14-02-51-56,2026-06-14T02:51:56Z,M01.json,50,18,564,19560.36833867987,262,302,80,1,0,none,1
run-2026-06-14-02-51-56,2026-06-14T02:51:56Z,M01.json,50,19,594,19560.36833867987,262,332,80,1,0,none,1
run-2026-06-14-02-51-56,2026-06-14T02:51:56Z,M01.json,50,20,624,19560.36833867987,262,362,80,1,0,none,1
run-2026-06-14-02-51-56,2026-06-14T02:51:56Z,M01.json,50,21,654,19560.36833867987,262,392,80,1,0,none,1
run-2026-06-14-02-51-56,2026-06-14T02:51:56Z,M01.json,50,22,684,19560.36833867987,262,422,80,1,0,none,1
run-2026-06-14-02-51-56,2026-06-14T02:51:56Z,M01.json,50,23,714,19560.36833867987,262,452,80,1,0,none,1
run-2026-06-14-02-51-56,2026-06-14T02:51:56Z,M01.json,50,24,744,19560.36833867987,262,482,80,1,0,none,1
run-2026-06-14-02-51-56,2026-06-14T02:51:56Z,M01.json,50,25,774,19560.36833867987,262,512,80,1,0,none,1
run-2026-06-14-02-51-56,2026-06-14T02:51:56Z,M01.json,50,26,804,19560.36833867987,262,542,80,1,0,none,1
run-2026-06-14-02-51-56,2026-06-14T02:51:56Z,M01.json,50,27,834,19560.36833867987,262,572,80,1,0,none,1
run-2026-06-14-02-51-56,2026-06-14T02:51:56Z,M01.json,50,28,864,19560.36833867987,262,602,80,1,0,none,1
run-2026-06-14-02-51-56,2026-06-14T02:51:56Z,M01.json,50,29,894,19558.44955817199,894,0,80,0,1,recovered,1
run-2026-06-14-02-51-56,2026-06-14T02:51:56Z,M01.json,50,30,924,19558.44955817199,894,30,80,0,0,none,1
run-2026-06-14-02-51-56,2026-06-14T02:51:56Z,M01.json,50,31,954,19558.44955817199,894,60,80,0,0,none,1
run-2026-06-14-02-51-56,2026-06-14T02:51:56Z,M01.json,50,32,984,19558.44955817199,894,90,80,1,0,stagnation_start,1
run-2026-06-14-02-51-56,2026-06-14T02:51:56Z,M01.json,50,33,1016,19558.44955817199,894,122,80,1,0,none,1
run-2026-06-14-02-51-56,2026-06-14T02:51:56Z,M01.json,50,34,1046,19558.44955817199,894,152,80,1,0,none,1
run-2026-06-14-02-51-56,2026-06-14T02:51:56Z,M01.json,50,35,1076,19558.44955817199,894,182,80,1,0,none,1
run-2026-06-14-02-51-56,2026-06-14T02:51:56Z,M01.json,50,36,1106,19558.44955817199,894,212,80,1,0,none,1
run-2026-06-14-02-51-56,2026-06-14T02:51:56Z,M01.json,50,37,1136,19558.44955817199,894,242,80,1,0,none,1
run-2026-06-14-02-51-56,2026-06-14T02:51:56Z,M01.json,50,38,1166,19558.44955817199,894,272,80,1,0,none,1
run-2026-06-14-02-51-56,2026-06-14T02:51:56Z,M01.json,50,39,1196,19558.44955817199,894,302,80,1,0,none,1
run-2026-06-14-02-51-56,2026-06-14T02:51:56Z,M01.json,50,40,1226,19558.44955817199,894,332,80,1,0,none,1
run-2026-06-14-02-51-56,2026-06-14T02:51:56Z,M01.json,50,41,1256,19558.44955817199,894,362,80,1,0,none,1
run-2026-06-14-02-51-56,2026-06-14T02:51:56Z,M01.json,50,42,1286,19558.44955817199,894,392,80,1,0,none,1
run-2026-06-14-02-51-56,2026-06-14T02:51:56Z,M01.json,50,43,1316,19558.44955817199,894,422,80,1,0,none,1
run-2026-06-14-02-51-56,2026-06-14T02:51:56Z,M01.json,50,44,1346,19558.44955817199,894,452,80,1,0,none,1
run-2026-06-14-02-51-56,2026-06-14T02:51:56Z,M01.json,50,45,1376,19551.492096493435,1376,0,80,0,1,recovered,1
run-2026-06-14-02-51-56,2026-06-14T02:51:56Z,M01.json,50,46,1406,19551.492096493435,1376,30,80,0,0,none,1
run-2026-06-14-02-51-56,2026-06-14T02:51:56Z,M01.json,50,47,1436,19551.492096493435,1376,60,80,0,0,none,1
run-2026-06-14-02-51-56,2026-06-14T02:51:56Z,M01.json,50,48,1466,19551.492096493435,1376,90,80,1,0,stagnation_start,1
run-2026-06-14-02-51-56,2026-06-14T02:51:56Z,M01.json,50,49,1498,19551.492096493435,1376,122,80,1,0,none,1
run-2026-06-14-02-51-56,2026-06-14T02:51:56Z,M01.json,50,50,1528,19551.492096493435,1376,152,80,1,0,none,1
run-2026-06-14-02-51-56,2026-06-14T02:51:56Z,M01.json,50,51,1558,19551.492096493435,1376,182,80,1,0,none,1
run-2026-06-14-02-51-56,2026-06-14T02:51:56Z,M01.json,50,52,1588,19551.492096493435,1376,212,80,1,0,none,1
run-2026-06-14-02-51-56,2026-06-14T02:51:56Z,M01.json,50,53,1618,19551.492096493435,1376,242,80,1,0,none,1
run-2026-06-14-02-51-56,2026-06-14T02:51:56Z,M01.json,50,54,1648,19551.492096493435,1376,272,80,1,0,none,1
run-2026-06-14-02-51-56,2026-06-14T02:51:56Z,M01.json,50,55,1678,19551.492096493435,1376,302,80,1,0,none,1
run-2026-06-14-02-51-56,2026-06-14T02:51:56Z,M01.json,50,56,1708,19551.492096493435,1376,332,80,1,0,none,1
run-2026-06-14-02-51-56,2026-06-14T02:51:56Z,M01.json,50,57,1738,19551.492096493435,1376,362,80,1,0,none,1
run-2026-06-14-02-51-56,2026-06-14T02:51:56Z,M01.json,50,58,1768,19551.492096493435,1376,392,80,1,0,none,1
run-2026-06-14-02-51-56,2026-06-14T02:51:56Z,M01.json,50,59,1798,19551.492096493435,1376,422,80,1,0,none,1
run-2026-06-14-02-51-56,2026-06-14T02:51:56Z,M01.json,50,60,1828,19551.492096493435,1376,452,80,1,0,none,1
run-2026-06-14-02-51-56,2026-06-14T02:51:56Z,M01.json,50,61,1858,19551.492096493435,1376,482,80,1,0,none,1
run-2026-06-14-02-51-56,2026-06-14T02:51:56Z,M01.json,50,62,1888,19551.492096493435,1376,512,80,1,0,none,1
run-2026-06-14-02-51-56,2026-06-14T02:51:56Z,M01.json,50,63,1918,19551.492096493435,1376,542,80,1,0,none,1
run-2026-06-14-02-51-56,2026-06-14T02:51:56Z,M01.json,50,64,1948,19551.492096493435,1376,572,80,1,0,none,1
run-2026-06-14-02-51-56,2026-06-14T02:51:56Z,M01.json,50,65,1978,19551.492096493435,1376,602,80,1,0,none,1
run-2026-06-14-02-51-56,2026-06-14T02:51:56Z,M01.json,50,66,2008,19551.492096493435,1376,632,80,1,0,none,1
run-2026-06-14-02-51-56,2026-06-14T02:51:56Z,M01.json,50,1,50,175906.3728315002,50,0,80,0,1,none,2
run-2026-06-14-02-51-56,2026-06-14T02:51:56Z,M01.json,50,2,80,175906.3728315002,50,30,80,0,0,none,2
run-2026-06-14-02-51-56,2026-06-14T02:51:56Z,M01.json,50,3,110,154862.3172302265,110,0,80,0,1,none,2
run-2026-06-14-02-51-56,2026-06-14T02:51:56Z,M01.json,50,4,140,39557.03093722465,140,0,80,0,1,none,2
run-2026-06-14-02-51-56,2026-06-14T02:51:56Z,M01.json,50,5,170,39557.03093722465,140,30,80,0,0,none,2
run-2026-06-14-02-51-56,2026-06-14T02:51:56Z,M01.json,50,6,200,39557.03093722465,140,60,80,0,0,none,2
run-2026-06-14-02-51-56,2026-06-14T02:51:56Z,M01.json,50,7,230,39557.03093722465,140,90,80,1,0,stagnation_start,2
run-2026-06-14-02-51-56,2026-06-14T02:51:56Z,M01.json,50,8,262,39551.753660429466,262,0,80,0,1,recovered,2
run-2026-06-14-02-51-56,2026-06-14T02:51:56Z,M01.json,50,9,292,39551.753660429466,262,30,80,0,0,none,2
run-2026-06-14-02-51-56,2026-06-14T02:51:56Z,M01.json,50,10,322,39551.753660429466,262,60,80,0,0,none,2
run-2026-06-14-02-51-56,2026-06-14T02:51:56Z,M01.json,50,11,352,39551.753660429466,262,90,80,1,0,stagnation_start,2
run-2026-06-14-02-51-56,2026-06-14T02:51:56Z,M01.json,50,12,384,39551.753660429466,262,122,80,1,0,none,2
run-2026-06-14-02-51-56,2026-06-14T02:51:56Z,M01.json,50,13,414,39551.753660429466,262,152,80,1,0,none,2
run-2026-06-14-02-51-56,2026-06-14T02:51:56Z,M01.json,50,14,444,39551.753660429466,262,182,80,1,0,none,2
run-2026-06-14-02-51-56,2026-06-14T02:51:56Z,M01.json,50,15,474,39551.753660429466,262,212,80,1,0,none,2
run-2026-06-14-02-51-56,2026-06-14T02:51:56Z,M01.json,50,16,504,39551.753660429466,262,242,80,1,0,none,2
run-2026-06-14-02-51-56,2026-06-14T02:51:56Z,M01.json,50,17,534,39551.753660429466,262,272,80,1,0,none,2
run-2026-06-14-02-51-56,2026-06-14T02:51:56Z,M01.json,50,18,564,39551.753660429466,262,302,80,1,0,none,2
run-2026-06-14-02-51-56,2026-06-14T02:51:56Z,M01.json,50,19,594,39551.753660429466,262,332,80,1,0,none,2
run-2026-06-14-02-51-56,2026-06-14T02:51:56Z,M01.json,50,20,624,39551.753660429466,262,362,80,1,0,none,2
run-2026-06-14-02-51-56,2026-06-14T02:51:56Z,M01.json,50,21,654,39551.753660429466,262,392,80,1,0,none,2
run-2026-06-14-02-51-56,2026-06-14T02:51:56Z,M01.json,50,22,684,39551.753660429466,262,422,80,1,0,none,2
run-2026-06-14-02-51-56,2026-06-14T02:51:56Z,M01.json,50,23,714,39551.753660429466,262,452,80,1,0,none,2
run-2026-06-14-02-51-56,2026-06-14T02:51:56Z,M01.json,50,24,744,39551.753660429466,262,482,80,1,0,none,2
run-2026-06-14-02-51-56,2026-06-14T02:51:56Z,M01.json,50,25,774,39551.753660429466,262,512,80,1,0,none,2
run-2026-06-14-02-51-56,2026-06-14T02:51:56Z,M01.json,50,26,804,39551.753660429466,262,542,80,1,0,none,2
run-2026-06-14-02-51-56,2026-06-14T02:51:56Z,M01.json,50,27,834,39551.753660429466,262,572,80,1,0,none,2
run-2026-06-14-02-51-56,2026-06-14T02:51:56Z,M01.json,50,28,864,39551.753660429466,262,602,80,1,0,none,2
run-2026-06-14-02-51-56,2026-06-14T02:51:56Z,M01.json,50,29,894,39551.753660429466,262,632,80,1,0,none,2
run-2026-06-14-02-51-56,2026-06-14T02:51:56Z,M01.json,50,30,924,39551.753660429466,262,662,80,1,0,none,2
run-2026-06-14-02-51-56,2026-06-14T02:51:56Z,M01.json,50,31,954,39551.753660429466,262,692,80,1,0,none,2
run-2026-06-14-02-51-56,2026-06-14T02:51:56Z,M01.json,50,32,984,39551.753660429466,262,722,80,1,0,none,2
run-2026-06-14-02-51-56,2026-06-14T02:51:56Z,M01.json,50,33,1014,39551.753660429466,262,752,80,1,0,none,2
run-2026-06-14-02-51-56,2026-06-14T02:51:56Z,M01.json,50,34,1044,39551.753660429466,262,782,80,1,0,none,2
run-2026-06-14-02-51-56,2026-06-14T02:51:56Z,M01.json,50,35,1074,39551.753660429466,262,812,80,1,0,none,2
run-2026-06-14-02-51-56,2026-06-14T02:51:56Z,M01.json,50,36,1104,39551.753660429466,262,842,80,1,0,none,2
run-2026-06-14-02-51-56,2026-06-14T02:51:56Z,M01.json,50,37,1134,39551.753660429466,262,872,80,1,0,none,2
run-2026-06-14-02-51-56,2026-06-14T02:51:56Z,M01.json,50,38,1164,39551.753660429466,262,902,80,1,0,none,2
run-2026-06-14-02-51-56,2026-06-14T02:51:56Z,M01.json,50,39,1194,39551.753660429466,262,932,80,1,0,none,2
run-2026-06-14-02-51-56,2026-06-14T02:51:56Z,M01.json,50,40,1224,39551.753660429466,262,962,80,1,0,none,2
run-2026-06-14-02-51-56,2026-06-14T02:51:56Z,M01.json,50,41,1254,39551.753660429466,262,992,80,1,0,none,2
run-2026-06-14-02-51-56,2026-06-14T02:51:56Z,M01.json,50,42,1284,39551.753660429466,262,1022,80,1,0,none,2
run-2026-06-14-02-51-56,2026-06-14T02:51:56Z,M01.json,50,43,1314,39551.753660429466,262,1052,80,1,0,none,2
run-2026-06-14-02-51-56,2026-06-14T02:51:56Z,M01.json,50,44,1344,39551.753660429466,262,1082,80,1,0,none,2
run-2026-06-14-02-51-56,2026-06-14T02:51:56Z,M01.json,50,45,1374,39551.5624114447,1374,0,80,0,1,recovered,2
run-2026-06-14-02-51-56,2026-06-14T02:51:56Z,M01.json,50,46,1404,39551.5624114447,1374,30,80,0,0,none,2
run-2026-06-14-02-51-56,2026-06-14T02:51:56Z,M01.json,50,47,1434,39551.5624114447,1374,60,80,0,0,none,2
run-2026-06-14-02-51-56,2026-06-14T02:51:56Z,M01.json,50,48,1464,39551.5624114447,1374,90,80,1,0,stagnation_start,2
run-2026-06-14-02-51-56,2026-06-14T02:51:56Z,M01.json,50,49,1496,39551.5624114447,1374,122,80,1,0,none,2
run-2026-06-14-02-51-56,2026-06-14T02:51:56Z,M01.json,50,50,1526,39551.5624114447,1374,152,80,1,0,none,2
run-2026-06-14-02-51-56,2026-06-14T02:51:56Z,M01.json,50,51,1556,39551.5624114447,1374,182,80,1,0,none,2
run-2026-06-14-02-51-56,2026-06-14T02:51:56Z,M01.json,50,52,1586,39551.5624114447,1374,212,80,1,0,none,2
run-2026-06-14-02-51-56,2026-06-14T02:51:56Z,M01.json,50,53,1616,39551.5624114447,1374,242,80,1,0,none,2
run-2026-06-14-02-51-56,2026-06-14T02:51:56Z,M01.json,50,54,1646,39551.5624114447,1374,272,80,1,0,none,2
run-2026-06-14-02-51-56,2026-06-14T02:51:56Z,M01.json,50,55,1676,39551.5624114447,1374,302,80,1,0,none,2
run-2026-06-14-02-51-56,2026-06-14T02:51:56Z,M01.json,50,56,1706,39551.5624114447,1374,332,80,1,0,none,2
run-2026-06-14-02-51-56,2026-06-14T02:51:56Z,M01.json,50,57,1736,39551.5624114447,1374,362,80,1,0,none,2
run-2026-06-14-02-51-56,2026-06-14T02:51:56Z,M01.json,50,58,1766,39551.5624114447,1374,392,80,1,0,none,2
run-2026-06-14-02-51-56,2026-06-14T02:51:56Z,M01.json,50,59,1796,39551.5624114447,1374,422,80,1,0,none,2
run-2026-06-14-02-51-56,2026-06-14T02:51:56Z,M01.json,50,60,1826,39551.5624114447,1374,452,80,1,0,none,2
run-2026-06-14-02-51-56,2026-06-14T02:51:56Z,M01.json,50,61,1856,39551.5624114447,1374,482,80,1,0,none,2
run-2026-06-14-02-51-56,2026-06-14T02:51:56Z,M01.json,50,62,1886,39551.5624114447,1374,512,80,1,0,none,2
run-2026-06-14-02-51-56,2026-06-14T02:51:56Z,M01.json,50,63,1916,39551.5624114447,1374,542,80,1,0,none,2
run-2026-06-14-02-51-56,2026-06-14T02:51:56Z,M01.json,50,64,1946,39551.5624114447,1374,572,80,1,0,none,2
run-2026-06-14-02-51-56,2026-06-14T02:51:56Z,M01.json,50,65,1976,39551.5624114447,1374,602,80,1,0,none,2
run-2026-06-14-02-51-56,2026-06-14T02:51:56Z,M01.json,50,66,2006,39551.5624114447,1374,632,80,1,0,none,2
