run_id,timestamp,function_name,instance_name,run_number,iteration,best_fitness_so_far,fe_estimate
run-2026-06-14-02-51-53,2026-06-14T02:51:53Z,S02.json,S02.json,1,1,20288.359549222445,30
run-2026-06-14-02-51-53,2026-06-14T02:51:53Z,S02.json,S02.json,1,2,20278.837337241097,61
run-2026-06-14-02-51-53,2026-06-14T02:51:53Z,S02.json,S02.json,1,3,20278.837337241097,91
run-2026-06-14-02-51-53,2026-06-14T02:51:53Z,S02.json,S02.json,1,4,20278.837337241097,122
run-2026-06-14-02-51-53,2026-06-14T02:51:53Z,S02.json,S02.json,1,5,20278.837337241097,152
run-2026-06-14-02-51-53,2026-06-14T02:51:53Z,S02.json,S02.json,1,6,20278.837337241097,182
run-2026-06-14-02-51-53,2026-06-14T02:51:53Z,S02.json,S02.json,1,7,20278.837337241097,213
run-2026-06-14-02-51-53,2026-06-14T02:51:53Z,S02.json,S02.json,1,8,20278.837337241097,243
run-2026-06-14-02-51-53,2026-06-14T02:51:53Z,S02.json,S02.json,1,9,20278.837337241097,274
run-2026-06-14-02-51-53,2026-06-14T02:51:53Z,S02.json,S02.json,1,10,20278.837337241097,304
run-2026-06-14-02-51-53,2026-06-14T02:51:53Z,S02.json,S02.json,1,11,20278.837337241097,334
run-2026-06-14-02-51-53,2026-06-14T02:51:53Z,S02.json,S02.json,1,12,20278.837337241097,365
run-2026-06-14-02-51-53,2026-06-14T02:51:53Z,S02.json,S02.json,1,13,20278.837337241097,395
run-2026-06-14-02-51-53,2026-06-14T02:51:53Z,S02.json,S02.json,1,14,20278.837337241097,426
run-2026-06-14-02-51-53,2026-06-14T02:51:53Z,S02.json,S02.json,1,15,20278.837337241097,456
run-2026-06-14-02-51-53,2026-06-14T02:51:53Z,S02.json,S02.json,1,16,20278.837337241097,487
run-2026-06-14-02-51-53,2026-06-14T02:51:53Z,S02.json,S02.json,1,17,20278.837337241097,517
run-2026-06-14-02-51-53,2026-06-14T02:51:53Z,S02.json,S02.json,1,18,20278.837337241097,547
run-2026-06-14-02-51-53,2026-06-14T02:51:53Z,S02.json,S02.json,1,19,20278.837337241097,578
run-2026-06-14-02-51-53,2026-06-14T02:51:53Z,S02.json,S02.json,1,20,20278.837337241097,608
run-2026-06-14-02-51-53,2026-06-14T02:51:53Z,S02.json,S02.json,1,21,20278.837337241097,639
run-2026-06-14-02-51-53,2026-06-14T02:51:53Z,S02.json,S02.json,1,22,20278.837337241097,669
run-2026-06-14-02-51-53,2026-06-14T02:51:53Z,S02.json,S02.json,1,23,20278.837337241097,699
run-2026-06-14-02-51-53,2026-06-14T02:51:53Z,S02.json,S02.json,1,24,20278.837337241097,730
run-2026-06-14-02-51-53,2026-06-14T02:51:53Z,S02.json,S02.json,1,25,20278.837337241097,760
run-2026-06-14-02-51-53,2026-06-14T02:51:53Z,S02.json,S02.json,1,26,20278.837337241097,791
run-2026-06-14-02-51-53,2026-06-14T02:51:53Z,S02.json,S02.json,1,27,20278.837337241097,821
run-2026-06-14-02-51-53,2026-06-14T02:51:53Z,S02.json,S02.json,1,28,20278.837337241097,851
run-2026-06-14-02-51-53,2026-06-14T02:51:53Z,S02.json,S02.json,1,29,20278.837337241097,882
run-2026-06-14-02-51-53,2026-06-14T02:51:53Z,S02.json,S02.json,1,30,20278.837337241097,912
run-2026-06-14-02-51-53,2026-06-14T02:51:53Z,S02.json,S02.json,1,31,20278.837337241097,943
run-2026-06-14-02-51-53,2026-06-14T02:51:53Z,S02.json,S02.json,1,32,20278.837337241097,973
run-2026-06-14-02-51-53,2026-06-14T02:51:53Z,S02.json,S02.json,1,33,20278.837337241097,1003
run-2026-06-14-02-51-53,2026-06-14T02:51:53Z,S02.json,S02.json,1,34,20278.837337241097,1034
run-2026-06-14-02-51-53,2026-06-14T02:51:53Z,S02.json,S02.json,1,35,20278.837337241097,1064
run-2026-06-14-02-51-53,2026-06-14T02:51:53Z,S02.json,S02.json,1,36,20278.837337241097,1095
run-2026-06-14-02-51-53,2026-06-14T02:51:53Z,S02.json,S02.json,1,37,20278.837337241097,1125
run-2026-06-14-02-51-53,2026-06-14T02:51:53Z,S02.json,S02.json,1,38,20278.837337241097,1156
run-2026-06-14-02-51-53,2026-06-14T02:51:53Z,S02.json,S02.json,1,39,20278.837337241097,1186
run-2026-06-14-02-51-53,2026-06-14T02:51:53Z,S02.json,S02.json,1,40,20278.837337241097,1216
run-2026-06-14-02-51-53,2026-06-14T02:51:53Z,S02.json,S02.json,1,41,20278.837337241097,1247
run-2026-06-14-02-51-53,2026-06-14T02:51:53Z,S02.json,S02.json,1,42,20278.837337241097,1277
run-2026-06-14-02-51-53,2026-06-14T02:51:53Z,S02.json,S02.json,1,43,20278.837337241097,1308
run-2026-06-14-02-51-53,2026-06-14T02:51:53Z,S02.json,S02.json,1,44,20278.837337241097,1338
run-2026-06-14-02-51-53,2026-06-14T02:51:53Z,S02.json,S02.json,1,45,20278.837337241097,1368
run-2026-06-14-02-51-53,2026-06-14T02:51:53Z,S02.json,S02.json,1,46,20278.837337241097,1399
run-2026-06-14-02-51-53,2026-06-14T02:51:53Z,S02.json,S02.json,1,47,20278.837337241097,1429
run-2026-06-14-02-51-53,2026-06-14T02:51:53Z,S02.json,S02.json,1,48,20278.837337241097,1460
run-2026-06-14-02-51-53,2026-06-14T02:51:53Z,S02.json,S02.json,1,49,20278.837337241097,1490
run-2026-06-14-02-51-53,2026-06-14T02:51:53Z,S02.json,S02.json,2,1,20282.48880463824,30
run-2026-06-14-02-51-53,2026-06-14T02:51:53Z,S02.json,S02.json,2,2,10271.039186026443,61
run-2026-06-14-02-51-53,2026-06-14T02:51:53Z,S02.json,S02.json,2,3,10271.039186026443,91
run-2026-06-14-02-51-53,2026-06-14T02:51:53Z,S02.json,S02.json,2,4,10271.039186026443,122
run-2026-06-14-02-51-53,2026-06-14T02:51:53Z,S02.json,S02.json,2,5,10271.039186026443,152
run-2026-06-14-02-51-53,2026-06-14T02:51:53Z,S02.json,S02.json,2,6,10271.039186026443,182
run-2026-06-14-02-51-53,2026-06-14T02:51:53Z,S02.json,S02.json,2,7,10271.039186026443,213
run-2026-06-14-02-51-53,2026-06-14T02:51:53Z,S02.json,S02.json,2,8,10271.039186026443,243
run-2026-06-14-02-51-53,2026-06-14T02:51:53Z,S02.json,S02.json,2,9,10271.039186026443,274
run-2026-06-14-02-51-53,2026-06-14T02:51:53Z,S02.json,S02.json,2,10,10271.039186026443,304
run-2026-06-14-02-51-53,2026-06-14T02:51:53Z,S02.json,S02.json,2,11,10271.039186026443,334
run-2026-06-14-02-51-53,2026-06-14T02:51:53Z,S02.json,S02.json,2,12,10271.039186026443,365
run-2026-06-14-02-51-53,2026-06-14T02:51:53Z,S02.json,S02.json,2,13,10271.039186026443,395
run-2026-06-14-02-51-53,2026-06-14T02:51:53Z,S02.json,S02.json,2,14,10271.039186026443,426
run-2026-06-14-02-51-53,2026-06-14T02:51:53Z,S02.json,S02.json,2,15,10271.039186026443,456
run-2026-06-14-02-51-53,2026-06-14T02:51:53Z,S02.json,S02.json,2,16,10271.039186026443,487
run-2026-06-14-02-51-53,2026-06-14T02:51:53Z,S02.json,S02.json,2,17,10271.039186026443,517
run-2026-06-14-02-51-53,2026-06-14T02:51:53Z,S02.json,S02.json,2,18,10271.039186026443,547
run-2026-06-14-02-51-53,2026-06-14T02:51:53Z,S02.json,S02.json,2,19,10271.039186026443,578
run-2026-06-14-02-51-53,2026-06-14T02:51:53Z,S02.json,S02.json,2,20,10271.039186026443,608
run-2026-06-14-02-51-53,2026-06-14T02:51:53Z,S02.json,S02.json,2,21,10271.039186026443,639
run-2026-06-14-02-51-53,2026-06-14T02:51:53Z,S02.json,S02.json,2,22,10271.039186026443,669
run-2026-06-14-02-51-53,2026-06-14T02:51:53Z,S02.json,S02.json,2,23,10271.039186026443,699
run-2026-06-14-02-51-53,2026-06-14T02:51:53Z,S02.json,S02.json,2,24,10271.039186026443,730
run-2026-06-14-02-51-53,2026-06-14T02:51:53Z,S02.json,S02.json,2,25,10271.039186026443,760
run-2026-06-14-02-51-53,2026-06-14T02:51:53Z,S02.json,S02.json,2,26,10271.039186026443,791
run-2026-06-14-02-51-53,2026-06-14T02:51:53Z,S02.json,S02.json,2,27,10271.039186026443,821
run-2026-06-14-02-51-53,2026-06-14T02:51:53Z,S02.json,S02.json,2,28,10271.039186026443,851
run-2026-06-14-02-51-53,2026-06-14T02:51:53Z,S02.json,S02.json,2,29,10271.039186026443,882
run-2026-06-14-02-51-53,2026-06-14T02:51:53Z,S02.json,S02.json,2,30,10271.039186026443,912
run-2026-06-14-02-51-53,2026-06-14T02:51:53Z,S02.json,S02.json,2,31,10271.039186026443,943
run-2026-06-14-02-51-53,2026-06-14T02:51:53Z,S02.json,S02.json,2,32,10271.039186026443,973
run-2026-06-14-02-51-53,2026-06-14T02:51:53Z,S02.json,S02.json,2,33,10271.039186026443,1003
run-2026-06-14-02-51-53,2026-06-14T02:51:53Z,S02.json,S02.json,2,34,10271.039186026443,1034
run-2026-06-14-02-51-53,2026-06-14T02:51:53Z,S02.json,S02.json,2,35,10271.039186026443,1064
run-2026-06-14-02-51-53,2026-06-14T02:51:53Z,S02.json,S02.json,2,36,10271.039186026443,1095
run-2026-06-14-02-51-53,2026-06-14T02:51:53Z,S02.json,S02.json,2,37,10271.039186026443,1125
run-2026-06-14-02-51-53,2026-06-14T02:51:53Z,S02.json,S02.json,2,38,10271.039186026443,1156
run-2026-06-14-02-51-53,2026-06-14T02:51:53Z,S02.json,S02.json,2,39,10271.039186026443,1186
run-2026-06-14-02-51-53,2026-06-14T02:51:53Z,S02.json,S02.json,2,40,10271.039186026443,1216
run-2026-06-14-02-51-53,2026-06-14T02:51:53Z,S02.json,S02.json,2,41,10271.039186026443,1247
run-2026-06-14-02-51-53,2026-06-14T02:51:53Z,S02.json,S02.json,2,42,10271.039186026443,1277
run-2026-06-14-02-51-53,2026-06-14T02:51:53Z,S02.json,S02.json,2,43,10271.039186026443,1308
run-2026-06-14-02-51-53,2026-06-14T02:51:53Z,S02.json,S02.json,2,44,10271.039186026443,1338
run-2026-06-14-02-51-53,2026-06-14T02:51:53Z,S02.json,S02.json,2,45,10271.039186026443,1368
run-2026-06-14-02-51-53,2026-06-14T02:51:53Z,S02.json,S02.json,2,46,10271.039186026443,1399
run-2026-06-14-02-51-53,2026-06-14T02:51:53Z,S02.json,S02.json,2,47,10271.039186026443,1429
run-2026-06-14-02-51-53,2026-06-14T02:51:53Z,S02.json,S02.json,2,48,10271.039186026443,1460
run-2026-06-14-02-51-53,2026-06-14T02:51:53Z,S02.json,S02.json,2,49,10271.039186026443,1490
